('s1', 'Graphic Design') , 771
('s10', nan) , 2133
('s2', 'Photoshop') , 152
('s3', 'Illustrator') , 82
('s4', 'T-Shirts') , 9
('s5', 'Poster Design') , 12
('s6', 'User Interface Design') , 3
('s7', nan) , 1478
('s8', nan) , 1742
('s9', nan) , 1956
('s10', 'Java') , 19
('s2', 'Logo Design') , 414
('s4', 'Banner Design') , 48
('s5', 'Website Design') , 84
('s6', 'User Interface / IA') , 11
('s7', 'Illustration') , 33
('s8', 'Corporate Identity') , 11
('s9', 'PHP') , 21
('s3', 'Photoshop') , 280
('s4', 'Photography') , 6
('s5', 'Illustrator') , 67
('s6', 'Photo Editing') , 21
('s7', 'Photoshop Design') , 38
('s1', 'Internet Marketing') , 24
('s2', 'SEO') , 19
('s3', 'Link Building') , 21
('s4', 'Photo Editing') , 35
('s5', 'Search Engine Marketing') , 4
('s6', nan) , 1258
('s1', 'Logo Design') , 156
('s2', 'Branding') , 2
('s3', 'Website Design') , 150
('s4', 'Illustrator') , 125
('s5', 'Print') , 6
('s6', 'Poster Design') , 12
('s1', 'WordPress') , 70
('s10', 'AJAX') , 9
('s2', 'PHP') , 196
('s3', 'HTML') , 203
('s4', 'MySQL') , 77
('s5', 'Javascript') , 56
('s6', 'eCommerce') , 18
('s7', 'Software Architecture') , 27
('s8', 'Web Hosting') , 6
('s9', 'Java') , 23
('s4', nan) , 663
('s5', nan) , 857
('s2', nan) , 184
('s3', nan) , 451
('s1', '3D Modelling') , 52
('s10', '3ds Max') , 5
('s2', 'Solidworks') , 8
('s3', 'CAD/CAM') , 13
('s4', 'AutoCAD') , 16
('s5', '3D Rendering') , 14
('s6', 'Product Design') , 10
('s7', '3D Design') , 20
('s8', '3D Model Maker') , 1
('s9', 'Article Writing') , 17
('s1', 'PHP') , 543
('s10', 'Script Install') , 4
('s2', 'Software Architecture') , 55
('s3', 'Javascript') , 61
('s4', 'Graphic Design') , 86
('s6', 'XML') , 7
('s7', 'Excel') , 19
('s8', 'WordPress') , 33
('s9', 'HTML5') , 38
('s1', 'Business Plans') , 5
('s10', 'Editing') , 15
('s2', 'Market Research') , 1
('s3', 'Marketing') , 7
('s4', 'Research') , 27
('s5', 'Research Writing') , 27
('s6', 'Internet Marketing') , 18
('s7', 'Branding') , 3
('s8', 'Financial Research') , 6
('s9', 'Advertising') , 11
('s3', 'User Interface / IA') , 10
('s4', 'Photoshop') , 109
('s5', 'Flyer Design') , 16
('s2', 'HTML') , 175
('s5', 'Java') , 18
('s6', 'Javascript') , 69
('s7', 'Graphic Design') , 49
('s8', 'Codeigniter') , 8
('s4', 'Illustration') , 30
('s5', 'Photoshop Design') , 63
('s1', 'Linux') , 35
('s10', 'Apache') , 2
('s2', 'Network Administration') , 7
('s3', 'System Admin') , 13
('s4', 'Ubuntu') , 1
('s5', 'UNIX') , 4
('s6', 'Windows Server') , 2
('s7', 'VMware') , 1
('s8', 'Script Install') , 6
('s9', 'Software Architecture') , 26
('s1', '3D Rendering') , 65
('s2', '3D Modelling') , 64
('s3', 'Graphic Design') , 94
('s5', 'Interior Design') , 9
('s3', 'Banner Design') , 45
('s4', 'Business Cards') , 15
('s1', 'Statistics') , 9
('s2', 'Statistical Analysis') , 3
('s3', 'SPSS Statistics') , 2
('s4', 'Research Writing') , 19
('s5', 'Technical Writing') , 12
('s6', 'Finance') , 4
('s7', 'SAS') , 1
('s8', 'Financial Analysis') , 3
('s2', 'Photoshop Design') , 7
('s2', 'Website Design') , 171
('s1', 'Website Design') , 113
('s4', 'HTML') , 103
('s5', 'Bootstrap') , 7
('s10', 'HTML5') , 50
('s2', 'Python') , 30
('s4', 'CSS') , 72
('s5', 'WordPress') , 88
('s6', 'Embedded Software') , 2
('s7', 'HTML') , 42
('s8', 'Java') , 22
('s9', 'MySQL') , 39
('s10', 'PSD to HTML') , 18
('s3', 'WordPress') , 89
('s4', 'Website Design') , 147
('s5', 'Graphic Design') , 90
('s6', 'CSS') , 92
('s7', 'HTML5') , 43
('s8', 'Joomla') , 20
('s9', 'Bootstrap') , 9
('s10', 'Virtual Assistant') , 10
('s2', 'WordPress') , 91
('s5', 'CSS') , 73
('s6', 'Graphic Design') , 71
('s7', 'WooCommerce') , 6
('s8', 'HTML5') , 51
('s9', 'PSD to HTML') , 21
('s3', 'Windows Desktop') , 7
('s4', 'WordPress') , 105
('s5', 'Software Development') , 12
('s6', 'Data Processing') , 22
('s7', 'Data Entry') , 20
('s8', 'Web Scraping') , 9
('s9', 'HTML') , 34
('s1', 'Javascript') , 50
('s10', 'jQuery / Prototype') , 26
('s3', 'Windows Mobile') , 1
('s4', 'node.js') , 3
('s5', 'Android') , 17
('s6', 'Website Design') , 66
('s7', 'Mobile App Development') , 18
('s1', 'Visual Basic') , 10
('s10', 'Web Scraping') , 6
('s2', 'Excel') , 109
('s3', 'VB.NET') , 2
('s4', 'Visual Basic for Apps') , 2
('s5', 'Data Processing') , 24
('s6', '.NET') , 11
('s7', 'C# Programming') , 9
('s8', 'Software Architecture') , 38
('s9', 'Data Entry') , 12
('s10', 'Website Design') , 20
('s3', 'T-Shirts') , 11
('s4', 'Photoshop Design') , 77
('s5', 'Typography') , 3
('s6', 'Visual Arts') , 2
('s7', 'Motion Graphics') , 8
('s8', 'Photoshop') , 31
('s9', 'Illustrator') , 17
('s1', 'Android') , 61
('s2', 'Mobile App Development') , 66
('s3', 'Unity 3D') , 4
('s4', 'iPhone') , 16
('s5', 'Game Development') , 3
('s6', 'Game Design') , 3
('s8', 'C# Programming') , 10
('s9', 'C Programming') , 11
('s1', 'Research') , 12
('s2', 'Web Scraping') , 16
('s3', 'Internet Research') , 1
('s10', 'Excel') , 11
('s2', 'eBay') , 1
('s3', 'Software Architecture') , 66
('s5', 'Amazon Web Services') , 7
('s6', 'HTML') , 47
('s7', 'Javascript') , 96
('s8', 'XML') , 12
('s9', 'AJAX') , 22
('s1', 'VoIP') , 1
('s10', 'Technical Support') , 2
('s3', 'Asterisk PBX') , 1
('s4', 'Linux') , 13
('s5', 'System Admin') , 4
('s6', 'Cisco') , 1
('s7', 'Web Security') , 7
('s8', 'Wireless') , 2
('s9', 'Computer Security') , 3
('s10', 'Android') , 15
('s8', 'MySQL') , 37
('s9', 'Javascript') , 60
('s1', 'Java') , 47
('s2', 'C++ Programming') , 20
('s4', 'PHP') , 71
('s5', 'UML Design') , 2
('s6', 'MySQL') , 55
('s8', 'Mathematics') , 4
('s1', 'Illustration') , 30
('s10', 'Painting') , 1
('s2', 'Caricature & Cartoons') , 9
('s3', 'Book Artist') , 3
('s5', 'Drawing') , 1
('s6', 'Concept Design') , 4
('s7', 'Animation') , 6
('s8', 'Arts & Crafts') , 2
('s9', 'Creative Design') , 5
('s2', '3D Design') , 4
('s10', 'Google SketchUp') , 7
('s2', 'AutoCAD') , 11
('s4', '3D Rendering') , 17
('s5', 'Solidworks') , 5
('s8', 'Building Architecture') , 2
('s9', 'Mechanical Engineering') , 4
('s1', 'Drupal') , 2
('s1', 'Editing') , 4
('s2', 'Financial Analysis') , 1
('s1', 'Arduino') , 3
('s2', 'Microcontroller') , 6
('s3', 'Electronics') , 5
('s4', 'Embedded Software') , 3
('s5', 'Engineering') , 8
('s6', 'Electrical Engineering') , 6
('s2', 'Joomla') , 8
('s4', 'Website Management') , 7
('s7', 'MySQL') , 52
('s10', 'Icon Design') , 7
('s7', 'Banner Design') , 33
('s8', 'Photo Editing') , 16
('s9', 'Corporate Identity') , 9
('s1', 'SQL') , 10
('s10', 'ASP') , 5
('s2', 'Database Administration') , 2
('s5', 'Database Programming') , 3
('s7', 'Database Development') , 3
('s8', 'Oracle') , 2
('s9', 'Microsoft Access') , 4
('s1', 'HTML') , 49
('s10', 'User Interface / IA') , 8
('s3', 'CSS') , 44
('s5', 'PSD to HTML') , 18
('s6', 'PHP') , 49
('s1', 'Audio Services') , 8
('s2', 'Audio Production') , 5
('s3', 'After Effects') , 21
('s4', 'Video Services') , 8
('s5', 'Sound Design') , 4
('s6', 'Video Editing') , 14
('s1', 'Translation') , 97
('s10', 'Audio Services') , 1
('s2', 'Polish') , 1
('s3', 'English (US)') , 24
('s4', 'Excel') , 35
('s5', 'English (UK)') , 12
('s6', 'Data Entry') , 32
('s7', 'PDF') , 11
('s8', 'Website Design') , 39
('s10', 'Flyer Design') , 16
('s3', 'Business Cards') , 9
('s4', 'Brochure Design') , 23
('s5', 'Corporate Identity') , 15
('s6', 'Photoshop') , 44
('s7', 'Illustrator') , 36
('s8', 'Stationery Design') , 7
('s9', 'User Interface / IA') , 9
('s1', 'Data Entry') , 143
('s10', 'PDF') , 3
('s3', 'Data Processing') , 42
('s4', 'Web Search') , 29
('s5', 'Web Scraping') , 32
('s6', 'Leads') , 12
('s7', 'Data Mining') , 7
('s8', 'Virtual Assistant') , 12
('s9', 'Copy Typing') , 9
('s4', 'Animation') , 23
('s5', 'HTML5') , 36
('s6', '3D Animation') , 15
('s7', 'Label Design') , 1
('s10', 'Creative Design') , 9
('s6', 'Banner Design') , 42
('s7', 'Icon Design') , 11
('s8', 'Photoshop Design') , 41
('s9', 'Photo Editing') , 20
('s10', 'Illustrator') , 15
('s2', 'Game Design') , 2
('s4', 'Logo Design') , 48
('s5', 'Illustration') , 49
('s7', 'Caricature & Cartoons') , 8
('s8', 'iPhone') , 11
('s9', 'Android') , 10
('s10', 'Illustration') , 16
('s2', 'Banner Design') , 43
('s3', 'Flyer Design') , 7
('s5', 'Logo Design') , 37
('s8', 'Brochure Design') , 17
('s9', 'Business Cards') , 14
('s2', 'Mathematics') , 9
('s3', 'R Programming Language') , 2
('s4', 'Statistical Analysis') , 3
('s1', 'Article Writing') , 86
('s10', 'Product Descriptions') , 5
('s2', 'Content Writing') , 23
('s3', 'Blog') , 12
('s4', 'Ghostwriting') , 33
('s5', 'Article Rewriting') , 29
('s6', 'Copywriting') , 28
('s7', 'Technical Writing') , 21
('s8', 'SEO') , 18
('s9', 'Research Writing') , 13
('s10', 'eCommerce') , 21
('s3', 'PHP') , 118
('s5', 'Photoshop') , 51
('s6', 'Illustrator') , 58
('s8', 'CSS') , 43
('s9', 'WordPress') , 36
('s4', 'Shopping Carts') , 7
('s7', 'Joomla') , 11
('s8', 'Drupal') , 3
('s9', 'eCommerce') , 24
('s10', 'Graphic Design') , 19
('s5', 'NoSQL Couch & Mongo') , 1
('s6', 'Java') , 21
('s8', 'Javascript') , 45
('s9', 'Website Design') , 32
('s10', 'Videography') , 3
('s3', 'Sound Design') , 2
('s4', 'Voice Talent') , 2
('s5', 'Voice Artist') , 1
('s6', 'Music') , 1
('s7', 'Translation') , 11
('s8', 'English (US)') , 10
('s9', 'Video Editing') , 3
('s1', 'Video Production') , 2
('s2', 'Video Editing') , 14
('s1', 'Web Hosting') , 1
('s2', 'VPS') , 1
('s8', 'Graphic Design') , 34
('s1', 'Metatrader') , 8
('s1', 'Google Adwords') , 8
('s2', 'Internet Marketing') , 31
('s3', 'Advertising') , 5
('s4', 'Marketing') , 31
('s5', 'Google Analytics') , 3
('s6', 'Google Adsense') , 2
('s7', 'Facebook Marketing') , 5
('s8', 'Landing Pages') , 2
('s9', 'Social Media Marketing') , 5
('s1', 'Finance') , 4
('s2', 'Research Writing') , 24
('s3', 'Financial Analysis') , 2
('s4', 'Translation') , 15
('s5', 'eBooks') , 2
('s1', 'Content Writing') , 9
('s10', 'Proofreading') , 13
('s2', 'Copywriting') , 39
('s3', 'Article Writing') , 33
('s5', 'Creative Writing') , 10
('s6', 'Article Rewriting') , 31
('s7', 'Editing') , 12
('s8', 'Product Descriptions') , 10
('s9', 'Blog') , 10
('s10', 'Logo Design') , 14
('s5', 'Animation') , 12
('s7', 'PHP') , 47
('s8', 'Video Services') , 5
('s2', 'Infographics') , 2
('s10', 'Photo Editing') , 12
('s6', 'T-Shirts') , 11
('s7', 'Flyer Design') , 17
('s8', 'Editing') , 11
('s9', 'Stationery Design') , 5
('s1', 'Technical Support') , 2
('s2', 'Data Scraping') , 3
('s2', 'Transcription') , 6
('s3', 'Ghostwriting') , 22
('s4', 'Article Rewriting') , 27
('s6', 'Content Writing') , 17
('s7', 'English Spelling') , 2
('s6', 'PSD to HTML') , 12
('s7', 'eCommerce') , 21
('s1', 'Caricature & Cartoons') , 3
('s2', 'Illustrator') , 30
('s3', 'Illustration') , 31
('s5', 'Banner Design') , 35
('s6', 'Photoshop Design') , 48
('s7', 'Photo Editing') , 17
('s8', 'Creative Design') , 4
('s10', 'Bootstrap') , 7
('s3', 'MySQL') , 54
('s4', 'JSP') , 3
('s5', 'C Programming') , 15
('s6', 'AJAX') , 7
('s7', 'SQL') , 12
('s8', 'C++ Programming') , 6
('s9', 'Website Management') , 5
('s1', 'System Admin') , 8
('s2', 'Linux') , 20
('s3', 'Network Administration') , 1
('s6', 'Coding') , 1
('s7', 'ASP') , 3
('s9', 'Technical Writing') , 13
('s10', 'Banner Design') , 18
('s5', 'HTML') , 75
('s6', 'WordPress') , 63
('s7', 'Photoshop') , 34
('s9', 'CSS') , 25
('s3', 'Financial Research') , 1
('s4', 'Business Plans') , 7
('s5', 'Product Descriptions') , 2
('s7', 'Mathematics') , 4
('s8', 'English Grammar') , 3
('s9', 'Academic Writing') , 2
('s2', 'Graphic Design') , 167
('s1', 'Photoshop') , 78
('s3', 'Logo Design') , 81
('s1', 'Matlab and Mathematica') , 26
('s3', 'Engineering') , 11
('s4', 'Education & Tutoring') , 1
('s5', 'Mechanical Engineering') , 6
('s6', 'Aerospace Engineering') , 1
('s7', 'Solidworks') , 3
('s8', 'PLC & SCADA') , 2
('s9', 'Physics') , 2
('s2', 'Photo Editing') , 31
('s3', 'Photoshop Design') , 27
('s5', '3D Modelling') , 10
('s6', 'Building Architecture') , 8
('s7', 'Concept Design') , 1
('s8', 'AutoCAD') , 7
('s10', 'Programming') , 4
('s4', 'C Programming') , 15
('s5', 'Recruitment') , 1
('s7', 'C++ Programming') , 9
('s8', 'Python') , 10
('s9', 'JavaFX') , 1
('s1', 'Verilog / VHDL') , 1
('s10', 'Arduino') , 1
('s2', 'Electronics') , 14
('s3', 'Electrical Engineering') , 11
('s4', 'Engineering') , 11
('s5', 'Microcontroller') , 8
('s6', 'FPGA') , 1
('s7', 'Embedded Software') , 5
('s8', 'Digital Design') , 1
('s9', 'Circuit Design') , 2
('s1', 'Python') , 33
('s2', 'Matlab and Mathematica') , 10
('s3', 'PCB Layout') , 3
('s4', 'Arduino') , 5
('s6', 'Mechatronics') , 2
('s10', 'Website Management') , 9
('s2', 'Oracle') , 4
('s4', 'Windows Desktop') , 4
('s5', 'Technical Support') , 3
('s6', 'Desktop Support') , 1
('s7', 'Active Directory') , 1
('s8', 'Amazon Web Services') , 6
('s9', 'UNIX') , 4
('s10', 'PHP') , 17
('s5', 'Excel') , 13
('s8', 'Web Search') , 14
('s1', 'After Effects') , 6
('s2', 'Videography') , 5
('s4', 'Content Writing') , 16
('s5', 'Data Entry') , 26
('s6', 'Blog') , 10
('s4', 'Electrical Engineering') , 4
('s3', 'SEO') , 14
('s2', 'Simplified Chinese (China)') , 10
('s3', 'Research') , 20
('s4', 'Editing') , 3
('s6', 'English (UK)') , 11
('s7', 'English (US)') , 9
('s8', 'Data Entry') , 20
('s9', 'Traditional Chinese (Taiwan)') , 1
('s10', 'Advertisement Design') , 9
('s6', 'Word') , 4
('s7', 'Brochure Design') , 14
('s8', 'Illustrator') , 29
('s9', 'Photoshop Design') , 26
('s1', 'Excel') , 66
('s2', 'Data Processing') , 18
('s3', 'Powerpoint') , 6
('s4', 'Data Mining') , 8
('s5', 'Accounting') , 6
('s6', 'Microsoft Access') , 2
('s7', 'Data Warehousing') , 1
('s8', 'Business Intelligence') , 1
('s6', 'Bootstrap') , 7
('s10', 'iPhone') , 9
('s6', 'Mobile App Development') , 18
('s7', 'CSS') , 43
('s8', 'Shopping Carts') , 18
('s2', 'Home Design') , 2
('s3', 'Google SketchUp') , 8
('s4', '3ds Max') , 27
('s5', 'jQuery / Prototype') , 23
('s7', 'AJAX') , 12
('s2', 'Virtual Assistant') , 10
('s3', 'Web Scraping') , 26
('s4', 'Freelance') , 2
('s5', 'Hindi') , 2
('s6', 'Microsoft Office') , 5
('s7', 'Forum Posting') , 1
('s8', 'Copy Typing') , 11
('s4', 'ASP') , 2
('s5', 'C# Programming') , 18
('s9', '.NET') , 11
('s2', 'Windows Desktop') , 6
('s3', 'Linux') , 18
('s4', 'eCommerce') , 23
('s5', 'MySQL') , 79
('s2', 'Statistics') , 6
('s3', 'Physics') , 2
('s1', 'Software Architecture') , 21
('s2', 'System Admin') , 14
('s4', 'Javascript') , 45
('s5', 'Visual Basic') , 5
('s6', 'UNIX') , 3
('s7', 'Windows Server') , 1
('s2', 'Java') , 23
('s6', 'Software Architecture') , 41
('s2', '3D Animation') , 19
('s3', '3D Modelling') , 27
('s6', 'Video Services') , 13
('s7', 'After Effects') , 8
('s8', 'Video Editing') , 7
('s9', 'Animation') , 9
('s3', 'Arabic') , 4
('s5', 'Virtual Assistant') , 9
('s6', 'Web Search') , 16
('s7', 'Copy Typing') , 9
('s9', 'English (UK)') , 11
('s10', 'Laravel') , 3
('s3', 'Shopify') , 3
('s4', 'Moodle') , 2
('s6', 'Prestashop') , 3
('s7', 'node.js') , 3
('s9', 'Magento') , 7
('s2', 'Business Cards') , 20
('s3', 'PSD to HTML') , 6
('s2', 'Arabic') , 14
('s3', 'Natural Language') , 1
('s4', 'Creative Writing') , 6
('s1', 'Proofreading') , 20
('s10', 'Marketing') , 9
('s2', 'English (US)') , 16
('s4', 'Report Writing') , 12
('s5', 'Proposal/Bid Writing') , 2
('s6', 'Editing') , 14
('s7', 'English Grammar') , 4
('s8', 'Copywriting') , 15
('s1', 'Statistical Analysis') , 1
('s2', 'Academic Writing') , 1
('s1', 'Advertisement Design') , 1
('s1', 'VB.NET') , 3
('s2', 'Visual Basic') , 20
('s4', 'Cisco') , 1
('s3', 'Programming') , 11
('s4', 'Amazon Web Services') , 8
('s8', 'Android') , 18
('s1', 'Transcription') , 12
('s10', 'Copy Typing') , 9
('s2', 'Data Entry') , 59
('s3', 'Excel') , 51
('s4', 'English (US)') , 15
('s5', 'Copywriting') , 12
('s6', 'Article Writing') , 29
('s8', 'Data Processing') , 18
('s9', 'Medical Writing') , 1
('s1', 'Video Services') , 36
('s10', 'Photoshop Design') , 21
('s3', 'Video Production') , 12
('s4', 'After Effects') , 18
('s5', 'Russian') , 3
('s6', 'Videography') , 5
('s7', 'Photography') , 9
('s9', 'Photoshop') , 32
('s1', 'Italian') , 3
('s2', 'jQuery / Prototype') , 6
('s6', 'HTML5') , 39
('s1', 'Photoshop Design') , 2
('s2', 'Design') , 1
('s4', 'Infographics') , 2
('s5', 'Motion Graphics') , 7
('s7', '3D Animation') , 11
('s8', 'Word Processing') , 1
('s1', 'C Programming') , 33
('s3', 'Java') , 25
('s4', 'C# Programming') , 15
('s5', 'Golang') , 1
('s6', 'Mathematics') , 5
('s2', '3D Printing') , 1
('s3', '3ds Max') , 14
('s4', 'Jewellery') , 1
('s5', 'Zbrush') , 1
('s1', 'Web Scraping') , 23
('s3', 'Python') , 13
('s4', 'Software Architecture') , 38
('s5', 'node.js') , 9
('s8', 'Excel VBA') , 3
('s3', 'Czech') , 2
('s7', 'Russian') , 3
('s3', 'Interiors') , 1
('s10', 'WordPress') , 32
('s2', 'MySQL') , 66
('s3', 'AJAX') , 11
('s4', 'jQuery / Prototype') , 11
('s5', 'Software Architecture') , 43
('s6', 'Smarty PHP') , 2
('s9', 'XML') , 9
('s1', 'C++ Programming') , 14
('s4', 'Russian') , 3
('s2', 'Angular.js') , 7
('s3', 'node.js') , 5
('s4', 'Express JS') , 1
('s4', 'Book Artist') , 3
('s5', 'Caricature & Cartoons') , 12
('s2', 'eCommerce') , 6
('s3', 'CS-Cart') , 1
('s5', 'Shopping Carts') , 7
('s1', 'Mobile App Development') , 81
('s10', 'MySQL') , 33
('s2', 'Android') , 30
('s3', 'iPhone') , 37
('s7', 'Objective C') , 6
('s1', 'Magento') , 13
('s10', 'Google Analytics') , 2
('s2', 'Prestashop') , 2
('s5', 'eCommerce') , 20
('s7', 'Linux') , 8
('s8', 'Excel') , 18
('s1', 'Research Writing') , 74
('s10', 'Business Writing') , 6
('s2', 'Article Writing') , 46
('s4', 'Technical Writing') , 25
('s5', 'Short Stories') , 4
('s6', 'Report Writing') , 20
('s7', 'Article Rewriting') , 15
('s8', 'Content Writing') , 22
('s9', 'Proofreading') , 16
('s3', '3D Rendering') , 23
('s4', 'Maya') , 2
('s5', '3ds Max') , 9
('s6', 'Animation') , 17
('s9', '3D Model Maker') , 1
('s1', 'Technical Writing') , 6
('s2', 'Javascript') , 47
('s7', 'Medical') , 1
('s8', 'Research Writing') , 7
('s4', 'Sticker Design') , 2
('s5', 'Vectorization') , 2
('s10', 'Video Services') , 3
('s4', 'Arts & Crafts') , 5
('s6', 'Illustration') , 22
('s7', 'WordPress') , 60
('s8', 'Banner Design') , 37
('s10', 'Javascript') , 32
('s9', 'CSS3') , 3
('s1', 'iPhone') , 18
('s10', 'SQL') , 16
('s3', 'Objective C') , 7
('s4', 'Microsoft Office') , 3
('s5', 'Mobile App Testing') , 2
('s6', 'Swift') , 7
('s7', 'iPad') , 7
('s8', 'PHP') , 31
('s9', 'Graphic Design') , 34
('s2', 'English (UK)') , 10
('s3', 'Romanian') , 2
('s2', 'Creative Writing') , 5
('s4', 'Article Writing') , 26
('s10', 'Plugin') , 2
('s8', 'PSD to HTML') , 20
('s1', 'Data Processing') , 9
('s6', 'Icon Design') , 8
('s5', 'Blog') , 12
('s6', 'Translation') , 12
('s7', 'Content Writing') , 10
('s8', 'Technical Writing') , 17
('s9', 'Business Writing') , 5
('s10', 'Open Cart') , 1
('s6', 'WooCommerce') , 9
('s9', 'Web Hosting') , 10
('s3', 'Caricature & Cartoons') , 13
('s7', 'Arts & Crafts') , 9
('s8', 'Concept Design') , 2
('s1', 'AutoCAD') , 24
('s10', 'Photoshop') , 22
('s2', 'CAD/CAM') , 6
('s5', 'Drafting') , 5
('s6', 'Engineering') , 14
('s8', 'Engineering Drawing') , 2
('s9', 'Illustration') , 12
('s1', 'Virtual Assistant') , 6
('s10', 'Research') , 22
('s3', 'Research Writing') , 21
('s6', 'Technical Writing') , 17
('s7', 'Mac OS') , 4
('s9', 'Engineering') , 5
('s6', 'Shopping Carts') , 10
('s8', 'eCommerce') , 20
('s9', 'SEO') , 16
('s1', 'CAD/CAM') , 7
('s10', 'Manufacturing Design') , 3
('s2', '3D Rendering') , 50
('s4', 'Mechanical Engineering') , 3
('s5', 'Product Design') , 7
('s6', '3D Design') , 19
('s7', 'Manufacturing') , 1
('s8', 'Solidworks') , 2
('s9', 'AutoCAD') , 6
('s10', 'Wireless') , 1
('s2', 'PCB Layout') , 2
('s3', 'Circuit Design') , 4
('s4', 'Electronics') , 4
('s8', 'C Programming') , 10
('s9', 'Python') , 6
('s4', 'XML') , 4
('s5', 'Drupal') , 3
('s7', 'Web Scraping') , 16
('s8', 'Website Management') , 7
('s9', 'SQL') , 13
('s10', 'Animation') , 3
('s5', 'Photo Editing') , 37
('s8', 'T-Shirts') , 5
('s10', 'Ghostwriting') , 10
('s2', 'Romanian') , 1
('s3', 'Proofreading') , 17
('s6', 'Product Descriptions') , 2
('s7', 'Proposal/Bid Writing') , 2
('s9', 'Copywriting') , 20
('s9', 'Shopping Carts') , 9
('s1', 'Shopify Templates') , 1
('s2', 'Shopify') , 4
('s4', 'Plugin') , 1
('s5', 'Magento') , 12
('s1', 'Asterisk PBX') , 4
('s10', 'Web Hosting') , 9
('s2', 'VoIP') , 5
('s6', 'Apache') , 4
('s1', 'Electronics') , 12
('s5', 'Bluetooth Low Energy (BLE)') , 2
('s6', 'PCB Layout') , 4
('s7', 'Circuit Design') , 3
('s8', 'Embedded Software') , 1
('s9', 'Wireless') , 3
('s2', 'Portuguese') , 1
('s3', 'Sales') , 4
('s4', 'PDF') , 12
('s10', 'Technical Writing') , 11
('s3', 'Editing') , 9
('s7', 'Copywriting') , 18
('s8', 'Article Rewriting') , 11
('s9', 'Content Writing') , 18
('s3', 'Google Adwords') , 2
('s4', 'SQL') , 16
('s5', 'Facebook Marketing') , 4
('s7', 'SEO') , 16
('s8', 'Link Building') , 4
('s10', 'Photo Retouching') , 1
('s5', 'Photography') , 10
('s7', 'Logo Design') , 36
('s8', 'Adobe Lightroom') , 1
('s9', 'Photoshop Coding') , 2
('s3', 'English (UK)') , 13
('s5', 'English (US)') , 20
('s1', 'Arabic') , 3
('s2', 'Adobe Flash') , 2
('s3', 'Translation') , 16
('s4', 'Powerpoint') , 12
('s5', 'PDF') , 7
('s8', 'Internet Research') , 9
('s3', 'Internet Marketing') , 32
('s5', 'PHP') , 39
('s8', 'jQuery / Prototype') , 19
('s10', 'Blog') , 7
('s3', 'Article Rewriting') , 17
('s8', 'Ghostwriting') , 12
('s9', 'Research') , 18
('s7', 'Shopping Carts') , 12
('s10', 'PhoneGap') , 2
('s5', 'Moodle') , 2
('s6', 'SQL') , 5
('s9', 'MVC') , 3
('s2', 'Translation') , 21
('s4', 'Transcription') , 10
('s5', 'Website Management') , 4
('s7', 'Codeigniter') , 8
('s8', 'Web Development') , 4
('s2', 'Video Services') , 17
('s3', 'Animation') , 14
('s4', 'Video Editing') , 13
('s5', 'Creative Design') , 9
('s10', 'Hadoop') , 1
('s2', 'Software Testing') , 4
('s4', 'Big Data') , 3
('s7', 'Python') , 7
('s8', 'Video Upload') , 2
('s9', 'Azure') , 1
('s3', 'Photo Editing') , 31
('s6', '3D Rendering') , 10
('s7', '3ds Max') , 7
('s8', '3D Modelling') , 6
('s9', '3D Design') , 12
('s1', 'C# Programming') , 24
('s10', 'MVC') , 1
('s2', 'ASP.NET') , 4
('s3', '.NET') , 11
('s5', 'Microsoft Access') , 2
('s8', 'Visual Basic') , 9
('s3', '3D Design') , 8
('s6', 'Home Design') , 3
('s8', 'Word') , 5
('s9', 'Brochure Design') , 10
('s1', 'Engineering') , 6
('s10', 'Interior Design') , 6
('s3', 'Building Architecture') , 10
('s4', 'CAD/CAM') , 8
('s5', 'Civil Engineering') , 4
('s6', 'Structural Engineering') , 1
('s7', 'Engineering Drawing') , 3
('s8', '3D Rendering') , 4
('s5', 'Advertisement Design') , 11
('s8', 'Flyer Design') , 22
('s7', 'jQuery / Prototype') , 16
('s8', 'Open Cart') , 3
('s2', 'Flyer Design') , 9
('s3', 'Brochure Design') , 25
('s7', 'Corporate Identity') , 16
('s10', 'J2EE') , 1
('s3', 'Email Developer') , 1
('s5', 'Steam API') , 1
('s7', 'Website Testing') , 4
('s10', 'Word') , 7
('s3', 'Web Search') , 43
('s4', 'Virtual Assistant') , 15
('s5', 'Research') , 23
('s6', 'Web Scraping') , 28
('s7', 'Leads') , 9
('s8', 'Internet Marketing') , 14
('s3', 'Photography') , 8
('s2', 'Ruby') , 3
('s3', 'Coding') , 1
('s6', 'Python') , 11
('s7', 'Ruby on Rails') , 1
('s8', 'AJAX') , 11
('s9', 'Game Design') , 3
('s1', 'Ruby on Rails') , 4
('s6', 'jQuery / Prototype') , 12
('s7', 'Ruby') , 2
('s10', 'Translation') , 9
('s3', 'Ubuntu') , 3
('s4', 'Network Administration') , 5
('s5', 'Programming') , 6
('s7', 'DOS') , 1
('s8', 'Raspberry Pi') , 1
('s1', 'Legal Writing') , 1
('s10', 'Social Media Marketing') , 6
('s2', 'Legal') , 3
('s3', 'Data Entry') , 36
('s4', 'Legal Research') , 2
('s6', 'Virtual Assistant') , 14
('s7', 'Contracts') , 1
('s8', 'Business Plans') , 5
('s9', 'Property Law') , 1
('s10', 'Photography') , 6
('s9', 'Legal') , 1
('s4', 'Caricature & Cartoons') , 13
('s5', 'Concept Art') , 1
('s2', 'SQL') , 14
('s3', 'C# Programming') , 18
('s4', 'VB.NET') , 4
('s5', '.NET') , 13
('s8', 'Coding') , 2
('s9', 'Microsoft') , 4
('s6', 'Advertisement Design') , 7
('s10', 'Corporate Identity') , 10
('s3', 'eBooks') , 6
('s4', 'Covers & Packaging') , 3
('s7', 'App Designer') , 4
('s10', 'System Admin') , 1
('s8', 'Computer Security') , 3
('s9', 'Banner Design') , 27
('s3', 'jQuery / Prototype') , 5
('s4', 'Dthreejs') , 2
('s5', 'LESS/Sass/SCSS') , 3
('s7', 'JSON') , 3
('s3', 'Corporate Identity') , 13
('s7', 'Angular.js') , 5
('s1', 'Microcontroller') , 3
('s2', 'Arduino') , 8
('s4', 'FPGA') , 1
('s1', 'Ghostwriting') , 11
('s3', 'Content Writing') , 29
('s1', 'Civil Engineering') , 5
('s10', 'Finite Element Analysis') , 1
('s2', 'Structural Engineering') , 3
('s3', 'AutoCAD') , 8
('s5', 'Materials Engineering') , 3
('s8', 'Mechanical Engineering') , 5
('s9', 'CAD/CAM') , 4
('s4', 'Mobile App Development') , 14
('s5', 'iPhone') , 11
('s3', 'Virtual Assistant') , 12
('s4', 'Software Development') , 8
('s8', 'Microsoft SQL Server') , 4
('s10', 'Customer Support') , 1
('s1', 'Report Writing') , 6
('s10', 'Financial Research') , 5
('s4', 'Medical Writing') , 1
('s6', 'Statistics') , 1
('s7', 'Ghostwriting') , 12
('s9', 'Statistical Analysis') , 1
('s10', 'C++ Programming') , 10
('s6', 'Android') , 22
('s8', 'Software Development') , 10
('s10', 'Label Design') , 1
('s6', 'Infographics') , 4
('s8', 'Business Cards') , 10
('s9', 'T-Shirts') , 9
('s6', 'Logo Design') , 60
('s9', 'Book Writing') , 2
('s10', 'Corel Draw') , 1
('s5', 'Business Cards') , 21
('s5', '2D Animation') , 2
('s2', 'JavaFX') , 1
('s3', 'Algorithm') , 9
('s4', '3D Design') , 9
('s9', '3D Rendering') , 5
('s4', 'Data Processing') , 33
('s8', 'Magento') , 17
('s1', '3D Animation') , 11
('s10', '3D Design') , 18
('s4', '3D Modelling') , 17
('s6', 'Video Production') , 9
('s8', 'Product Design') , 6
('s9', '3ds Max') , 6
('s3', 'HTML5') , 14
('s4', 'Android') , 29
('s6', 'iPhone') , 11
('s6', 'Flyer Design') , 12
('s7', 'Website Design') , 69
('s8', 'Poster Design') , 7
('s9', 'Imaging') , 2
('s6', 'After Effects') , 10
('s7', 'Building Architecture') , 5
('s9', 'Product Design') , 1
('s1', 'Copywriting') , 25
('s4', 'Hindi') , 1
('s5', 'Content Writing') , 16
('s10', 'English Grammar') , 4
('s4', 'English Spelling') , 2
('s6', 'Proofreading') , 12
('s8', 'Article Writing') , 12
('s9', 'Romanian') , 2
('s1', 'jQuery / Prototype') , 3
('s4', 'Internet Marketing') , 17
('s5', 'Portuguese') , 2
('s8', '3D Design') , 14
('s9', 'Interior Design') , 4
('s4', 'Interior Design') , 7
('s2', 'Article Rewriting') , 7
('s1', 'Mathematics') , 6
('s2', 'Physics') , 2
('s3', 'Technical Writing') , 27
('s5', 'Report Writing') , 14
('s6', 'Ghostwriting') , 11
('s1', 'Animation') , 26
('s10', 'Motion Graphics') , 4
('s5', 'Video Editing') , 13
('s7', 'Video Production') , 4
('s8', 'Adobe Flash') , 4
('s3', 'Shell Script') , 5
('s8', 'HTML') , 22
('s9', 'Video Services') , 4
('s4', 'CS-Cart') , 1
('s7', 'Typography') , 2
('s10', 'Mechanical Engineering') , 4
('s4', 'PCB Layout') , 3
('s5', 'Arduino') , 2
('s7', 'Engineering') , 12
('s8', 'Circuit Design') , 1
('s9', 'Manufacturing') , 2
('s4', 'Copywriting') , 18
('s6', 'Research Writing') , 14
('s7', 'Resumes') , 2
('s10', 'Visual Basic') , 5
('s2', 'Metatrader') , 2
('s3', 'Delphi') , 2
('s6', 'Microsoft SQL Server') , 3
('s2', 'After Effects') , 19
('s4', 'Spanish') , 2
('s7', 'Computer Graphics') , 2
('s10', 'Design') , 5
('s2', 'T-Shirts') , 7
('s5', 'Label Design') , 9
('s6', 'Caricature & Cartoons') , 7
('s7', 'Clothesline') , 1
('s8', 'Freelance') , 1
('s9', 'Tattoo Design') , 1
('s10', 'Powerpoint') , 5
('s6', 'Research') , 16
('s8', 'Proofreading') , 14
('s9', 'Business Analysis') , 4
('s1', 'Raspberry Pi') , 2
('s10', 'SEO') , 20
('s5', 'Ghostwriting') , 16
('s9', 'Article Rewriting') , 16
('s4', 'Advertising') , 7
('s5', 'Word') , 10
('s7', 'Powerpoint') , 7
('s8', 'Photography') , 5
('s4', 'Web Scraping') , 37
('s6', 'Django') , 2
('s7', 'R Programming Language') , 1
('s9', 'Data Mining') , 7
('s10', 'Internet Marketing') , 14
('s9', 'Shopify') , 5
('s1', 'WHMCS') , 1
('s2', 'Editing') , 15
('s6', 'Business Cards') , 13
('s8', 'Illustration') , 17
('s9', 'Arabic') , 2
('s10', 'Video Editing') , 6
('s2', '3ds Max') , 3
('s5', 'Concept Design') , 4
('s8', 'After Effects') , 3
('s9', 'Maya') , 4
('s10', 'Mobile App Development') , 13
('s3', 'eCommerce') , 9
('s2', 'PDF') , 1
('s4', 'General Office') , 2
('s5', 'Microsoft Office') , 12
('s10', 'Cartography & Maps') , 1
('s3', 'Google Maps API') , 2
('s4', 'Java') , 26
('s6', 'Geographical Information System (GIS)') , 1
('s2', 'iPhone') , 51
('s3', 'Android') , 56
('s1', 'User Interface / IA') , 4
('s6', 'iPad') , 9
('s1', 'Banner Design') , 9
('s4', 'PayPal API') , 3
('s5', 'Balsamiq') , 1
('s6', 'Website Management') , 4
('s7', 'Landing Pages') , 1
('s2', 'Computer Science') , 1
('s10', 'Advertising') , 8
('s8', 'Marketing') , 13
('s9', 'Bulk Marketing') , 3
('s5', 'Voice Talent') , 5
('s6', 'Brochure Design') , 16
('s2', 'French') , 11
('s5', 'Article Writing') , 14
('s9', 'Excel') , 13
('s10', 'C Programming') , 9
('s8', 'RESTful') , 3
('s9', 'C++ Programming') , 7
('s5', 'CAD/CAM') , 8
('s7', 'Interior Design') , 10
('s8', '3ds Max') , 13
('s9', 'Drafting') , 4
('s10', 'Software Architecture') , 25
('s2', 'Building Architecture') , 7
('s7', 'Drafting') , 1
('s5', 'SQL') , 10
('s6', 'PostgreSQL') , 1
('s9', 'Prestashop') , 3
('s2', 'Audio Services') , 10
('s3', 'Voice Talent') , 5
('s7', 'Package Design') , 2
('s10', 'Brochure Design') , 15
('s4', 'Sales') , 5
('s5', 'Marketing') , 10
('s6', 'Software Testing') , 2
('s7', 'Book Artist') , 1
('s10', 'Web Search') , 6
('s4', 'Data Entry') , 29
('s6', 'Excel') , 21
('s10', 'WooCommerce') , 11
('s6', 'System Admin') , 8
('s2', 'Internet Research') , 2
('s5', 'SEO') , 18
('s6', 'Advertising') , 3
('s7', 'Virtual Assistant') , 16
('s9', 'Web Search') , 7
('s1', 'Photo Editing') , 3
('s2', 'Photo Retouching') , 1
('s10', 'Sound Design') , 1
('s6', 'Stationery Design') , 6
('s7', 'Adobe InDesign') , 9
('s3', 'Video Editing') , 7
('s3', 'Product Descriptions') , 4
('s5', 'Reviews') , 5
('s8', 'Blog') , 14
('s9', 'Creative Writing') , 3
('s1', 'Interior Design') , 1
('s2', 'Animation') , 25
('s6', '3D Modelling') , 6
('s7', 'Video Services') , 4
('s8', 'Logo Design') , 20
('s9', 'Video Production') , 8
('s5', 'Templates') , 5
('s3', 'Copywriting') , 30
('s5', 'Finance') , 4
('s7', 'Accounting') , 7
('s8', 'PDF') , 13
('s4', 'Icon Design') , 10
('s8', 'Adobe InDesign') , 4
('s2', 'Illustration') , 19
('s2', 'Brochure Design') , 15
('s7', 'Covers & Packaging') , 3
('s9', 'Caricature & Cartoons') , 4
('s5', 'User Interface / IA') , 7
('s7', 'Templates') , 2
('s8', 'App Designer') , 4
('s4', 'Building Architecture') , 12
('s3', 'Copy Typing') , 8
('s5', 'Shopify') , 2
('s7', 'Word') , 16
('s9', 'Customer Support') , 1
('s3', 'Solidworks') , 7
('s6', 'CAD/CAM') , 3
('s3', 'C++ Programming') , 10
('s6', 'C# Programming') , 14
('s7', 'C Programming') , 17
('s8', 'UML Design') , 1
('s1', 'HTML5') , 3
('s3', 'Bootstrap') , 2
('s4', 'Email Handling') , 1
('s5', 'Email Developer') , 5
('s2', 'Game Development') , 3
('s6', 'App Developer') , 8
('s8', 'Game Design') , 3
('s9', 'C# Programming') , 7
('s5', 'Social Networking') , 3
('s6', 'Magento') , 12
('s10', 'Adobe Lightroom') , 1
('s4', 'Print') , 3
('s5', 'Industrial Design') , 2
('s9', 'Photography') , 7
('s5', 'Transcription') , 3
('s6', 'Video Upload') , 1
('s3', 'Report Writing') , 16
('s7', 'Project Management') , 4
('s1', 'Video Editing') , 9
('s1', 'Mechanical Engineering') , 7
('s2', 'Engineering') , 14
('s4', 'Industrial Engineering') , 2
('s5', '3D Printing') , 4
('s7', 'Matlab and Mathematica') , 3
('s9', 'Mathematics') , 3
('s5', 'Package Design') , 7
('s7', 'Poster Design') , 4
('s3', 'Video Services') , 13
('s6', 'Adobe Flash') , 10
('s10', 'Content Writing') , 12
('s2', 'Ghostwriting') , 10
('s4', 'eBooks') , 2
('s5', 'Book Writing') , 4
('s7', 'Proofreading') , 18
('s8', 'Google App Engine') , 1
('s9', 'Geolocation') , 1
('s1', 'Prolog') , 3
('s10', 'Data Processing') , 9
('s2', 'Web Search') , 10
('s6', 'CMS') , 2
('s7', 'Research') , 18
('s8', 'BigCommerce') , 1
('s3', 'Ruby on Rails') , 4
('s5', 'Arabic') , 6
('s7', 'Data Processing') , 26
('s8', 'Data Mining') , 9
('s9', 'Software Testing') , 4
('s3', 'Shopping Carts') , 4
('s4', 'Shopify Templates') , 1
('s2', 'Delphi') , 1
('s3', '3D Animation') , 49
('s2', 'Marketing') , 3
('s4', 'Human Resources') , 3
('s7', 'Article Writing') , 22
('s10', 'Engineering') , 4
('s8', 'Report Writing') , 7
('s1', 'Web Security') , 2
('s2', 'AJAX') , 2
('s5', 'Web Hosting') , 7
('s10', 'Microsoft') , 1
('s4', 'Website Testing') , 5
('s5', 'ASP') , 4
('s7', 'Sales') , 1
('s8', '.NET') , 9
('s9', 'Windows Desktop') , 7
('s2', 'Amazon Web Services') , 2
('s4', 'English (UK)') , 13
('s3', 'Adobe Illustrator') , 1
('s2', 'Microsoft SQL Server') , 2
('s4', 'Knockout.js') , 1
('s5', 'VB.NET') , 5
('s8', 'User Interface / IA') , 14
('s10', 'Python') , 5
('s6', 'Data Mining') , 14
('s9', 'ASP') , 4
('s2', 'Excel VBA') , 1
('s3', 'Excel Macros') , 1
('s5', 'Microsoft Exchange') , 1
('s4', '.NET') , 13
('s5', 'Web Development') , 3
('s1', 'Apache') , 2
('s10', 'Database Administration') , 3
('s3', 'Mac OS') , 2
('s4', 'FileMaker') , 1
('s5', 'Script Install') , 3
('s6', 'Programming') , 4
('s8', 'Database Development') , 1
('s2', 'Technical Writing') , 10
('s4', 'Social Media Marketing') , 11
('s5', 'Academic Writing') , 6
('s5', 'AutoCAD') , 10
('s9', 'Home Design') , 3
('s10', 'Shopping Carts') , 8
('s5', 'PayPal API') , 2
('s8', 'Blog Install') , 2
('s9', 'Codeigniter') , 4
('s7', 'Video Editing') , 10
('s8', 'Animation') , 12
('s10', 'Computer Security') , 5
('s2', 'Telecommunications Engineering') , 1
('s3', 'Wireless') , 2
('s6', 'C Programming') , 13
('s7', 'Network Administration') , 5
('s9', 'Software Development') , 6
('s10', 'Codeigniter') , 3
('s9', 'Computer Graphics') , 1
('s3', 'Adobe InDesign') , 6
('s4', 'Email Marketing') , 5
('s3', 'Amazon Web Services') , 5
('s10', 'Reviews') , 5
('s4', 'Blog') , 10
('s7', 'Research Writing') , 19
('s1', 'Product Sourcing') , 1
('s2', 'Supplier Sourcing') , 2
('s2', 'Powerpoint') , 6
('s3', 'Resumes') , 1
('s4', 'Presentations') , 1
('s2', 'Medical Writing') , 2
('s1', 'Biology') , 1
('s10', '3D Animation') , 7
('s5', 'Home Design') , 4
('s6', 'AutoCAD') , 11
('s2', 'Fashion Design') , 2
('s5', 'Fashion Modeling') , 1
('s9', 'Design') , 3
('s10', 'English (US)') , 12
('s4', 'Book Writing') , 9
('s5', 'Copy Typing') , 5
('s7', 'English (UK)') , 12
('s8', 'Transcription') , 6
('s9', 'Reviews') , 4
('s5', 'Mobile App Development') , 7
('s4', 'Solidworks') , 4
('s5', '3D Design') , 22
('s6', 'Industrial Design') , 4
('s7', 'CAD/CAM') , 7
('s8', 'Covers & Packaging') , 6
('s9', 'Furniture Design') , 1
('s3', 'Leads') , 4
('s6', 'Accounting') , 3
('s6', 'Arts & Crafts') , 3
('s7', 'Fashion Design') , 3
('s4', '3D Animation') , 21
('s4', 'Video Production') , 7
('s5', 'Videography') , 11
('s6', 'Final Cut Pro') , 2
('s1', 'Powerpoint') , 7
('s4', 'Adobe InDesign') , 4
('s5', 'T-Shirts') , 14
('s10', 'C# Programming') , 9
('s3', 'Oracle') , 2
('s6', 'ASP.NET') , 2
('s5', 'JSON') , 2
('s6', 'Database Programming') , 6
('s7', 'Programming') , 6
('s2', 'Financial Markets') , 1
('s3', 'C Programming') , 15
('s4', 'C++ Programming') , 20
('s10', 'Software Development') , 10
('s2', 'Microsoft Access') , 4
('s9', 'Visual Basic for Apps') , 1
('s1', 'Marketing') , 6
('s3', 'Recruitment') , 1
('s4', 'Market Research') , 4
('s5', 'Linkedin') , 1
('s6', 'YouTube') , 1
('s10', 'Book Writing') , 1
('s9', 'eBooks') , 6
('s1', 'Sharepoint') , 2
('s2', 'C# Programming') , 22
('s5', 'ASP.NET') , 5
('s7', 'Software Development') , 9
('s6', 'Copy Typing') , 13
('s9', 'Report Writing') , 9
('s1', 'Windows Desktop') , 6
('s2', 'Software Development') , 3
('s3', 'Mechanical Engineering') , 6
('s5', 'Mathematics') , 7
('s7', 'Physics') , 2
('s8', 'Electronics') , 4
('s9', 'Aerospace Engineering') , 1
('s10', 'Internet Research') , 8
('s8', 'Research') , 25
('s1', 'Classifieds Posting') , 2
('s4', 'Bulk Marketing') , 2
('s5', 'Data Mining') , 8
('s10', 'eBooks') , 4
('s5', 'Business Writing') , 2
('s4', 'Python') , 8
('s7', 'VB.NET') , 1
('s1', 'SEO') , 44
('s2', 'Classifieds Posting') , 1
('s3', 'Facebook Marketing') , 7
('s4', 'Link Building') , 4
('s6', 'Forum Posting') , 1
('s7', 'Twitter') , 3
('s10', 'Swift') , 7
('s4', 'App Developer') , 11
('s8', 'iPad') , 4
('s9', 'Objective C') , 7
('s4', 'iPad') , 12
('s5', 'iOS Development') , 3
('s7', 'Samsung') , 1
('s8', 'Swift') , 6
('s4', 'Design') , 1
('s9', 'Covers & Packaging') , 9
('s2', 'Imaging') , 1
('s7', 'Machine Learning') , 2
('s7', 'French') , 4
('s3', 'Word') , 6
('s8', 'Translation') , 8
('s9', 'Spanish') , 1
('s7', 'German') , 3
('s10', 'Anything Goes') , 4
('s5', 'Visual Arts') , 2
('s3', 'German') , 7
('s4', 'Arabic') , 4
('s5', 'Japanese') , 2
('s6', 'Audio Services') , 3
('s7', 'Voice Talent') , 2
('s8', 'Voice Artist') , 1
('s9', 'French') , 1
('s7', 'AutoCAD') , 6
('s2', 'Proofreading') , 14
('s4', 'Recruitment') , 2
('s8', 'eBooks') , 4
('s6', 'Script Install') , 3
('s9', 'Icon Design') , 6
('s7', 'Email Marketing') , 1
('s9', 'Big Data') , 3
('s9', 'WooCommerce') , 7
('s6', 'Photography') , 10
('s9', 'Virtual Assistant') , 7
('s10', 'HTML') , 14
('s1', 'Delphi') , 6
('s4', 'Bash Scripting') , 1
('s8', 'Regular Expressions') , 1
('s9', 'Programming') , 4
('s5', 'Customer Support') , 2
('s7', 'Customer Service') , 2
('s9', 'Powerpoint') , 8
('s10', 'Cocoa') , 3
('s7', 'Java') , 16
('s9', 'Linux') , 6
('s4', 'Circuit Design') , 3
('s6', 'Wireless') , 4
('s10', 'Adobe InDesign') , 6
('s9', 'Database Administration') , 2
('s10', 'Bulk Marketing') , 2
('s6', 'SEO') , 9
('s7', 'Link Building') , 6
('s8', 'Twitter') , 4
('s9', 'Facebook Marketing') , 7
('s10', 'Business Analysis') , 5
('s2', 'Report Writing') , 46
('s7', 'Business Plans') , 5
('s3', 'Microcontroller') , 4
('s4', 'Machine Learning') , 4
('s5', 'LabVIEW') , 1
('s7', 'Algorithm') , 3
('s2', 'XML') , 3
('s4', 'Codeigniter') , 3
('s1', 'Creative Writing') , 4
('s2', 'Catch Phrases') , 2
('s4', 'Slogans') , 3
('s10', 'Leads') , 3
('s4', 'Copy Typing') , 8
('s10', 'Mathematics') , 2
('s6', 'Social Networking') , 4
('s7', 'Google Adwords') , 5
('s7', 'Design') , 4
('s3', 'Branding') , 1
('s5', 'Slogans') , 4
('s7', 'Catch Phrases') , 2
('s8', 'Press Releases') , 2
('s10', 'Business Plans') , 4
('s1', 'Web Search') , 11
('s2', 'Concept Design') , 1
('s10', 'Windows Desktop') , 5
('s1', 'Email Marketing') , 3
('s3', 'Bulk Marketing') , 4
('s5', 'Leads') , 11
('s6', 'Marketing') , 10
('s7', 'Email Handling') , 3
('s4', 'Corporate Identity') , 9
('s5', 'Brochure Design') , 20
('s6', 'Corporate Identity') , 15
('s8', 'Facebook Marketing') , 5
('s3', 'Maya') , 4
('s10', 'Unity 3D') , 3
('s4', 'Game Design') , 2
('s5', 'Objective C') , 7
('s7', 'Game Development') , 2
('s9', 'Augmented Reality') , 3
('s1', 'Unity 3D') , 7
('s3', 'Mobile App Development') , 16
('s10', 'Facebook Marketing') , 9
('s2', 'Link Building') , 21
('s5', 'Advertising') , 5
('s6', 'Market Research') , 3
('s8', 'Article Submission') , 4
('s5', 'PCB Layout') , 4
('s7', 'Microcontroller') , 3
('s6', 'Maya') , 7
('s9', 'After Effects') , 5
('s10', 'Solidworks') , 1
('s2', 'Mechanical Engineering') , 5
('s7', 'Industrial Design') , 2
('s8', 'Manufacturing Design') , 4
('s4', 'React.js') , 5
('s5', 'Biology') , 1
('s5', 'Adobe InDesign') , 6
('s7', 'ActionScript') , 1
('s5', 'After Effects') , 12
('s1', 'Accounting') , 8
('s3', 'Finance') , 8
('s4', 'Financial Analysis') , 1
('s10', 'CSS') , 23
('s5', 'Ukrainian') , 2
('s7', 'Visual Basic for Apps') , 1
('s5', 'Web Search') , 17
('s6', 'Visual Basic') , 7
('s8', 'Visual Basic for Apps') , 3
('s10', 'Manufacturing') , 5
('s3', 'Covers & Packaging') , 4
('s5', 'Branding') , 5
('s7', 'Creative Design') , 5
('s9', 'Industrial Design') , 2
('s10', 'Audio Production') , 1
('s7', 'Audio Services') , 2
('s8', 'YouTube') , 3
('s9', 'Video Upload') , 1
('s1', 'Telemarketing') , 5
('s2', 'Customer Support') , 4
('s10', 'Data Entry') , 11
('s3', 'Creative Writing') , 6
('s5', 'Catch Phrases') , 2
('s6', 'Link Building') , 6
('s9', 'Angular.js') , 2
('s1', 'Illustrator') , 10
('s6', 'English (US)') , 14
('s1', 'Voice Talent') , 14
('s1', 'Visual Basic for Apps') , 1
('s10', 'Infographics') , 2
('s4', 'Videography') , 3
('s8', 'Final Cut Pro') , 2
('s9', '3D Modelling') , 7
('s5', 'Resumes') , 2
('s9', 'Marketing') , 11
('s2', 'Creative Design') , 2
('s3', 'Arts & Crafts') , 2
('s4', 'Concept Design') , 1
('s5', 'Commercials') , 1
('s10', 'Spanish') , 4
('s4', 'Dutch') , 2
('s8', 'Italian') , 1
('s3', 'Concept Design') , 4
('s5', 'Manufacturing') , 4
('s7', 'Product Design') , 5
('s3', 'Software Testing') , 6
('s5', 'Windows Desktop') , 7
('s1', 'PCB Layout') , 5
('s4', 'Microcontroller') , 7
('s8', 'CAD/CAM') , 2
('s9', 'Manufacturing Design') , 4
('s5', 'English Spelling') , 3
('s8', 'Icon Design') , 10
('s10', 'Adobe Flash') , 5
('s3', 'Magento') , 6
('s9', 'Joomla') , 6
('s3', 'Video Upload') , 3
('s6', 'Adobe Premiere Pro') , 1
('s1', 'Odoo') , 4
('s2', 'ERP') , 1
('s5', 'Covers & Packaging') , 5
('s8', 'Caricature & Cartoons') , 5
('s10', 'Product Design') , 3
('s4', 'Structural Engineering') , 1
('s8', 'Chemical Engineering') , 1
('s9', 'Geology') , 1
('s10', 'Tax') , 1
('s2', 'Finance') , 7
('s4', 'Bookkeeping') , 2
('s5', 'Intuit QuickBooks') , 2
('s8', 'MYOB') , 1
('s9', 'Payroll') , 2
('s2', 'Pinterest') , 1
('s9', 'Google Adwords') , 4
('s2', 'Voice Talent') , 3
('s3', 'Voice Artist') , 4
('s4', 'Audio Production') , 8
('s5', 'Translation') , 8
('s10', 'Dutch') , 1
('s4', 'French') , 5
('s5', 'Swedish') , 2
('s7', 'Spanish') , 3
('s9', 'Spanish (Spain)') , 2
('s5', 'Database Administration') , 2
('s8', 'Advertising') , 3
('s4', 'Facebook Marketing') , 4
('s3', 'Visual Basic') , 6
('s7', 'Microsoft SQL Server') , 4
('s9', 'VB.NET') , 4
('s1', 'Facebook Marketing') , 17
('s10', 'Shopify Templates') , 1
('s5', 'Internet Marketing') , 17
('s8', 'Email Marketing') , 5
('s9', 'Leads') , 7
('s10', 'Research Writing') , 10
('s6', 'Laravel') , 4
('s4', 'Shell Script') , 1
('s5', 'Windows CE') , 1
('s2', 'Voice Artist') , 5
('s3', 'Audio Services') , 6
('s10', 'Joomla') , 6
('s7', 'Magento') , 16
('s5', 'Video Services') , 7
('s2', 'Shell Script') , 1
('s3', 'UNIX') , 3
('s4', 'Web Hosting') , 5
('s5', 'RESTful') , 1
('s3', 'Open Cart') , 1
('s9', 'Vectorization') , 2
('s1', 'Azure') , 1
('s2', 'Microsoft') , 3
('s4', 'Oracle') , 2
('s5', 'Sharepoint') , 1
('s5', 'Stationery Design') , 3
('s7', 'Advertisement Design') , 3
('s4', 'Flyer Design') , 12
('s9', 'Infographics') , 1
('s4', 'Business Writing') , 5
('s3', 'Icon Design') , 4
('s3', 'Apache') , 7
('s4', 'UNIX') , 4
('s10', 'JSON') , 2
('s9', 'Google Maps API') , 4
('s2', 'Covers & Packaging') , 6
('s7', '3D Rendering') , 16
('s9', '3D Animation') , 8
('s10', 'Website Testing') , 6
('s2', 'C Programming') , 19
('s4', 'Unity 3D') , 5
('s5', 'C++ Programming') , 14
('s6', 'Circuit Design') , 1
('s1', 'Phone Support') , 1
('s3', 'Order Processing') , 4
('s4', 'Microsoft Outlook') , 1
('s6', 'Customer Support') , 4
('s8', 'Technical Support') , 4
('s5', 'Bitcoin') , 1
('s6', 'Database Development') , 3
('s7', 'Blockchain') , 1
('s8', 'Ethereum') , 1
('s10', 'Raspberry Pi') , 1
('s4', 'Wireless') , 1
('s8', 'PCB Layout') , 2
('s9', 'Arduino') , 2
('s7', 'Internet Marketing') , 9
('s3', 'ASP') , 6
('s6', 'Traditional Chinese (Hong Kong)') , 1
('s7', 'Traditional Chinese (Taiwan)') , 1
('s10', 'Twitter') , 1
('s3', 'Social Media Marketing') , 2
('s9', 'Internet Marketing') , 11
('s10', 'Email Marketing') , 5
('s3', 'Laravel') , 4
('s5', 'Linux') , 7
('s9', 'Civil Engineering') , 4
('s2', 'R Programming Language') , 3
('s3', 'Machine Learning') , 2
('s4', 'Hadoop') , 2
('s5', 'Matlab and Mathematica') , 5
('s7', 'Big Data') , 1
('s1', 'Photography') , 4
('s5', 'Video Production') , 7
('s7', 'iPhone') , 12
('s3', 'Russian') , 1
('s10', 'Health') , 1
('s9', 'Ghostwriting') , 9
('s1', 'Drawing') , 1
('s3', 'Creative Design') , 3
('s4', 'Painting') , 1
('s5', 'Sketching') , 1
('s6', 'Software Development') , 8
('s1', 'Algorithm') , 3
('s3', 'Statistics') , 3
('s6', 'Telecommunications Engineering') , 2
('s10', 'Web Services') , 1
('s7', 'Ionic Framework') , 2
('s2', 'ActionScript') , 4
('s4', 'PSD to HTML') , 6
('s6', 'Landing Pages') , 1
('s3', 'Salesforce.com') , 1
('s4', 'Salesforce App Development') , 1
('s6', 'Codeigniter') , 2
('s8', 'CRM') , 1
('s5', 'Blog Install') , 4
('s5', 'Proofreading') , 13
('s9', 'Financial Research') , 2
('s10', 'Magento') , 9
('s9', 'Adobe Dreamweaver') , 1
('s8', 'Interior Design') , 3
('s7', 'Website Management') , 3
('s10', 'CMS') , 6
('s8', 'Photoshop Coding') , 1
('s8', 'Mobile App Development') , 12
('s9', 'Bluetooth Low Energy (BLE)') , 2
('s1', 'Joomla') , 9
('s9', 'Templates') , 2
('s7', 'Stationery Design') , 4
('s10', 'Coding') , 2
('s2', 'LaTeX') , 1
('s3', 'Mathematics') , 9
('s4', 'Telecommunications Engineering') , 3
('s7', 'PSD to HTML') , 18
('s10', 'Testing / QA') , 1
('s6', 'Russian') , 2
('s7', 'Ukrainian') , 1
('s9', 'SEO Writing') , 1
('s5', 'Twitter') , 2
('s7', 'Google Maps API') , 1
('s6', 'Objective C') , 8
('s8', 'PhoneGap') , 2
('s6', 'VPS') , 2
('s7', 'Google Website Optimizer') , 1
('s1', 'Google Analytics') , 2
('s5', 'Maya') , 4
('s1', '.NET') , 10
('s2', 'MVC') , 2
('s5', 'Testing / QA') , 4
('s7', 'ASP.NET') , 2
('s8', 'Angular.js') , 4
('s6', 'Electronics') , 2
('s8', 'Electrical Engineering') , 4
('s10', '3D Rendering') , 3
('s6', 'Motion Graphics') , 4
('s2', 'Advertising') , 3
('s6', 'Internet Research') , 5
('s6', 'Label Design') , 2
('s7', '2D Animation') , 1
('s3', 'Market Research') , 5
('s4', 'Legal Writing') , 1
('s5', 'Design') , 4
('s4', 'Drawing') , 2
('s6', 'User Experience Design') , 3
('s9', 'Adobe Illustrator') , 2
('s5', 'AJAX') , 6
('s5', 'SQLite') , 2
('s2', '2D Animation') , 1
('s3', 'Transcription') , 5
('s10', 'Copywriting') , 6
('s1', 'Blog') , 4
('s1', 'ASP.NET') , 4
('s2', 'Raspberry Pi') , 2
('s5', 'Building Architecture') , 11
('s6', 'Interior Design') , 8
('s7', 'Google SketchUp') , 2
('s7', 'Finance') , 4
('s8', 'Business Analysis') , 3
('s2', 'Research') , 14
('s8', 'Engineering') , 7
('s9', 'Electronics') , 1
('s9', 'Invitation Design') , 1
('s8', 'ASP.NET') , 3
('s4', 'Visual Arts') , 3
('s3', 'SEO Writing') , 1
('s8', 'Sales') , 4
('s10', 'Web Security') , 5
('s2', 'Windows Server') , 6
('s4', 'VPS') , 1
('s7', 'Web Hosting') , 5
('s8', 'Ubuntu') , 2
('s10', 'Social Networking') , 4
('s6', 'Windows Desktop') , 9
('s7', 'Cisco') , 1
('s10', 'Templates') , 1
('s2', 'Website Testing') , 2
('s3', 'Website Management') , 3
('s4', 'Web Services') , 4
('s5', 'App Developer') , 14
('s4', 'Bootstrap') , 3
('s4', 'Stationery Design') , 4
('s7', 'Android') , 15
('s5', 'Serbian') , 1
('s7', 'Financial Analysis') , 3
('s1', 'node.js') , 4
('s8', 'Laravel') , 3
('s4', 'vBulletin') , 1
('s4', 'AJAX') , 12
('s8', 'Perl') , 2
('s2', 'User Interface / IA') , 10
('s4', 'User Experience Design') , 1
('s5', 'Format & Layout') , 2
('s5', 'Mac OS') , 3
('s7', 'Cocoa') , 2
('s10', 'Sticker Design') , 3
('s4', 'Project Management') , 3
('s8', 'Anything Goes') , 1
('s10', 'Home Design') , 5
('s3', 'Civil Engineering') , 1
('s8', 'Autodesk Revit') , 3
('s6', 'Creative Writing') , 1
('s7', 'Storyboard') , 3
('s6', 'Linux') , 10
('s8', 'Microsoft Office') , 8
('s3', 'Database Administration') , 4
('s4', 'Apache') , 3
('s7', 'System Admin') , 7
('s7', 'Blog') , 16
('s7', 'Database Administration') , 2
('s8', 'Database Programming') , 2
('s9', 'Database Development') , 4
('s7', 'Article Submission') , 3
('s7', 'Web Search') , 12
('s9', 'Web Scraping') , 10
('s10', 'Simplified Chinese (China)') , 1
('s3', 'Spanish') , 4
('s5', 'French') , 6
('s7', 'Japanese') , 2
('s4', 'HTML5') , 19
('s6', 'CSS3') , 3
('s10', 'Italian') , 1
('s4', 'Database Administration') , 2
('s2', 'Forum Software') , 1
('s6', 'Facebook Marketing') , 4
('s2', 'Swift') , 3
('s6', 'Excel VBA') , 1
('s8', 'Excel Macros') , 2
('s10', 'Shell Script') , 5
('s5', 'Ubuntu') , 7
('s6', 'Web Hosting') , 8
('s8', 'Varnish Cache') , 1
('s9', 'Apache') , 3
('s2', 'Photography') , 4
('s8', 'Email Handling') , 1
('s9', 'Voice Artist') , 1
('s3', 'Tattoo Design') , 1
('s9', 'Script Install') , 4
('s4', 'Label Design') , 5
('s8', 'Adobe Illustrator') , 3
('s10', 'Django') , 4
('s2', 'Golang') , 1
('s2', 'Business Analysis') , 4
('s9', 'Finance') , 2
('s2', 'Ad Planning & Buying') , 2
('s3', 'Viral Marketing') , 1
('s5', 'Twitter Marketing') , 1
('s4', 'Symbian') , 1
('s5', 'Samsung') , 2
('s2', 'Computer Security') , 4
('s3', 'Microsoft Access') , 4
('s7', '.NET') , 5
('s9', 'Microsoft SQL Server') , 6
('s5', 'Jewellery') , 1
('s7', 'Social Media Marketing') , 7
('s1', 'CSS') , 9
('s10', 'Mobile App Testing') , 1
('s4', 'Visual Basic') , 6
('s5', 'Visual Basic for Apps') , 5
('s6', 'Anything Goes') , 3
('s8', 'Powerpoint') , 4
('s2', 'Magento') , 11
('s7', 'Linkedin') , 2
('s5', 'Laravel') , 3
('s5', 'Icon Design') , 15
('s6', 'Print') , 2
('s1', 'Manufacturing Design') , 2
('s2', 'Product Design') , 2
('s7', 'Mechanical Engineering') , 7
('s8', 'Industrial Design') , 2
('s10', 'Format & Layout') , 2
('s7', 'T-Shirts') , 9
('s9', 'Flyer Design') , 13
('s7', 'Adobe Flash') , 4
('s9', 'PDF') , 5
('s6', 'Typography') , 3
('s5', 'Spanish') , 4
('s6', 'German') , 4
('s8', 'Fashion Design') , 2
('s2', 'CRM') , 1
('s10', 'Web Development') , 2
('s7', 'JavaFX') , 1
('s8', 'Website Testing') , 2
('s9', 'iPhone') , 10
('s7', 'Advertising') , 3
('s1', 'Testing / QA') , 3
('s3', 'Usability Testing') , 1
('s4', 'Software Testing') , 7
('s1', 'Database Development') , 1
('s8', 'Customer Support') , 1
('s5', 'User Experience Design') , 3
('s10', 'Scala') , 1
('s5', 'Big Data') , 2
('s6', 'Web Services') , 2
('s7', 'J2EE') , 4
('s8', 'Apache') , 3
('s4', 'Package Design') , 3
('s4', 'Creative Design') , 7
('s7', 'Ubuntu') , 3
('s8', 'Shell Script') , 1
('s10', 'Link Building') , 5
('s8', 'Package Design') , 2
('s10', 'German') , 3
('s6', 'Spanish') , 3
('s8', 'Leads') , 11
('s2', 'Russian') , 4
('s5', 'German') , 3
('s7', 'Spanish (Spain)') , 1
('s8', 'Spanish') , 2
('s9', 'English Spelling') , 2
('s1', 'Industrial Design') , 1
('s7', 'eBooks') , 8
('s4', 'Joomla') , 9
('s4', 'Magento') , 4
('s6', 'Website Testing') , 5
('s10', 'Financial Analysis') , 1
('s2', 'Business Plans') , 3
('s4', 'Management') , 1
('s5', 'Business Analysis') , 4
('s7', 'Payroll') , 2
('s9', 'Intuit QuickBooks') , 2
('s9', 'Interspire') , 1
('s9', 'Data Processing') , 18
('s7', 'Maya') , 3
('s10', 'Zend') , 1
('s7', 'Laravel') , 2
('s9', 'Expression Engine') , 1
('s2', 'Algorithm') , 3
('s4', 'Matlab and Mathematica') , 2
('s5', 'Machine Learning') , 1
('s10', 'User Experience Design') , 1
('s9', 'Web Security') , 5
('s4', 'Academic Writing') , 2
('s5', 'Pentaho') , 1
('s7', 'Prestashop') , 3
('s1', 'T-Shirts') , 1
('s5', 'Infographics') , 1
('s3', 'XXX') , 2
('s4', 'Anything Goes') , 6
('s5', 'Pattern Making') , 1
('s1', 'Microsoft Outlook') , 1
('s2', 'Microsoft Office') , 1
('s5', 'Powerpoint') , 6
('s6', 'Microsoft') , 3
('s8', 'Active Directory') , 1
('s6', 'Ukrainian') , 1
('s9', 'Italian') , 3
('s10', 'Perl') , 2
('s5', '3D Animation') , 9
('s1', 'Augmented Reality') , 1
('s5', 'Vuforia') , 1
('s1', '360-degree video') , 1
('s2', 'Adobe InDesign') , 4
('s6', 'C++ Programming') , 5
('s7', 'Game Design') , 3
('s4', 'SEO') , 22
('s3', 'Microsoft') , 1
('s4', 'Salesforce.com') , 1
('s5', 'Database Development') , 5
('s6', 'Data Warehousing') , 1
('s10', 'CAD/CAM') , 6
('s3', 'Finite Element Analysis') , 1
('s6', 'Matlab and Mathematica') , 6
('s6', 'Package Design') , 2
('s8', 'Typography') , 1
('s2', 'Drupal') , 2
('s1', 'CMS') , 1
('s8', 'English (UK)') , 4
('s3', 'Joomla') , 5
('s9', 'Article Submission') , 1
('s2', 'User Experience Design') , 1
('s3', 'App Designer') , 1
('s1', 'Video Upload') , 1
('s3', 'YouTube') , 3
('s1', 'Perl') , 4
('s3', 'FPGA') , 2
('s4', 'Scripting') , 1
('s5', 'Bash Scripting') , 1
('s10', 'T-Shirts') , 6
('s6', 'Presentations') , 1
('s8', 'Prezi') , 1
('s5', 'Algorithm') , 3
('s8', 'Finance') , 3
('s1', 'LaTeX') , 2
('s4', 'Format & Layout') , 1
('s6', 'ePub') , 1
('s7', 'Amazon Kindle') , 1
('s1', 'Chemical Engineering') , 2
('s3', 'Scientific Research') , 1
('s4', 'Materials Engineering') , 1
('s5', 'Project Management') , 6
('s5', 'Software Testing') , 5
('s7', 'Social Engine') , 1
('s8', 'System Admin') , 5
('s6', 'App Designer') , 3
('s7', 'App Developer') , 3
('s2', 'PSD to HTML') , 3
('s5', 'Article Submission') , 2
('s7', 'Press Releases') , 1
('s8', 'Branding') , 2
('s9', 'OCR') , 2
('s10', 'eBay') , 2
('s5', 'Google SketchUp') , 4
('s1', 'Leads') , 6
('s3', 'Landing Pages') , 1
('s5', 'Keyword Research') , 1
('s6', 'Search Engine Marketing') , 4
('s7', 'PPC Marketing') , 1
('s8', 'Social Media Management') , 1
('s4', 'Statistics') , 3
('s5', 'Linear Programming') , 1
('s7', 'Project Scheduling') , 2
('s2', 'Sharepoint') , 1
('s6', 'Financial Research') , 4
('s8', 'Fiction') , 3
('s10', 'Pinterest') , 1
('s2', 'Social Networking') , 3
('s4', 'Twitter') , 5
('s7', 'YouTube') , 1
('s8', 'Google Plus') , 2
('s1', 'eBooks') , 2
('s5', 'Business Plans') , 4
('s6', 'Financial Analysis') , 3
('s9', 'jQuery / Prototype') , 15
('s6', 'Online Writing') , 1
('s2', 'Presentations') , 3
('s10', 'App Developer') , 5
('s9', 'System Admin') , 5
('s1', '3D Design') , 2
('s2', 'HTML5') , 7
('s8', 'Imaging') , 1
('s10', 'Data Mining') , 8
('s10', 'Management') , 2
('s9', 'Editing') , 13
('s10', 'Video Production') , 2
('s8', 'Videography') , 1
('s10', 'Arts & Crafts') , 3
('s9', 'Concept Design') , 2
('s2', 'Italian') , 4
('s4', 'Proofreading') , 12
('s8', 'Project Management') , 3
('s10', 'iPad') , 4
('s5', 'Swift') , 2
('s6', 'Game Development') , 4
('s2', 'Management') , 1
('s7', 'Speech Writing') , 1
('s4', 'Swift') , 5
('s10', 'Project Management') , 10
('s6', 'Visual Basic for Apps') , 6
('s9', 'Word') , 9
('s2', 'Music') , 5
('s3', 'Audio Production') , 5
('s4', 'Sound Design') , 5
('s5', 'Bulk Marketing') , 4
('s3', 'Computer Graphics') , 1
('s5', 'CATIA') , 1
('s6', 'Proposal/Bid Writing') , 1
('s10', 'Legal') , 1
('s8', 'French') , 5
('s4', 'Audit') , 1
('s10', 'XML') , 9
('s7', 'CMS') , 1
('s5', 'Sales') , 4
('s5', 'Embedded Software') , 3
('s7', 'Verilog / VHDL') , 2
('s3', 'Home Design') , 2
('s7', 'Academic Writing') , 1
('s8', 'Organizational Change Management') , 1
('s9', 'Project Management') , 5
('s9', 'Website Testing') , 4
('s5', 'Smarty PHP') , 1
('s4', 'Motion Graphics') , 4
('s5', 'Building Designer') , 1
('s8', 'Drafting') , 1
('s3', 'Testing / QA') , 1
('s4', 'Turkish') , 1
('s9', 'Internet Research') , 6
('s10', 'Creative Writing') , 6
('s2', 'Turkish') , 3
('s4', 'Qt') , 1
('s5', 'Shell Script') , 4
('s7', 'PostgreSQL') , 2
('s5', 'Fashion Design') , 3
('s4', 'Shopify') , 3
('s5', 'WooCommerce') , 3
('s2', 'CSS') , 22
('s1', 'Anything Goes') , 1
('s2', 'node.js') , 5
('s3', 'React.js') , 4
('s3', 'Industrial Design') , 4
('s4', 'Product Descriptions') , 2
('s6', 'Finnish') , 1
('s6', 'Project Management') , 5
('s1', 'German') , 5
('s5', 'Italian') , 2
('s7', 'Portuguese') , 1
('s8', 'Arabic') , 1
('s7', 'CSS3') , 1
('s6', 'MVC') , 2
('s9', 'Indonesian') , 1
('s1', 'Bulk Marketing') , 5
('s2', 'Email Marketing') , 4
('s2', 'Objective C') , 5
('s4', 'Adobe Premiere Pro') , 1
('s6', 'Google Adwords') , 6
('s9', 'Anything Goes') , 1
('s7', 'User Interface / IA') , 3
('s10', 'Algorithm') , 1
('s9', 'Data Science') , 1
('s6', 'Order Processing') , 1
('s10', 'Database Development') , 1
('s7', 'UML Design') , 1
('s2', 'Social Media Marketing') , 10
('s3', 'Twitter') , 7
('s5', 'YouTube') , 6
('s7', 'Bootstrap') , 9
('s10', 'Article Writing') , 10
('s5', 'Word Processing') , 2
('s6', 'PDF') , 11
('s2', 'Codeigniter') , 3
('s2', 'Spanish') , 4
('s6', 'Adobe InDesign') , 2
('s8', 'Advertisement Design') , 2
('s5', 'Freelance') , 1
('s8', 'Bengali') , 1
('s6', 'Google SketchUp') , 4
('s7', 'Furniture Design') , 1
('s2', 'Testing / QA') , 1
('s5', 'Bookkeeping') , 2
('s3', 'Swift') , 8
('s5', 'iPad') , 7
('s7', 'RESTful') , 1
('s9', 'App Developer') , 2
('s1', 'Database Programming') , 1
('s10', 'Data Warehousing') , 1
('s3', 'Database Development') , 2
('s7', 'Business Cards') , 9
('s10', 'PSD2CMS') , 1
('s4', 'Laravel') , 2
('s4', 'Post-Production') , 3
('s7', 'Adobe Illustrator') , 2
('s3', 'Script Install') , 3
('s4', 'Social Networking') , 4
('s1', 'OpenSSL') , 1
('s3', 'DNS') , 1
('s7', 'IIS') , 2
('s2', 'English Grammar') , 1
('s8', 'Shopify') , 3
('s7', 'Legal') , 2
('s9', 'Scientific Research') , 2
('s4', 'Macedonian') , 1
('s10', 'Covers & Packaging') , 4
('s3', 'Poster Design') , 1
('s1', 'Music') , 10
('s2', 'Sound Design') , 1
('s6', 'Article Submission') , 3
('s1', 'Human Resources') , 1
('s2', 'Resumes') , 1
('s1', 'Business Cards') , 3
('s10', 'Amazon Web Services') , 1
('s6', 'Debugging') , 1
('s2', 'Interior Design') , 3
('s3', 'Label Design') , 1
('s6', 'Powerpoint') , 8
('s7', 'Presentations') , 2
('s5', 'Email Handling') , 4
('s7', 'Web Development') , 1
('s5', 'Medical Writing') , 6
('s6', 'Economics') , 1
('s3', 'WooCommerce') , 1
('s3', 'PSD2CMS') , 1
('s9', 'Logo Design') , 13
('s8', 'ASP') , 4
('s9', 'Print') , 3
('s2', 'App Developer') , 1
('s5', 'Python') , 11
('s8', 'Linux') , 8
('s1', 'Microsoft Access') , 6
('s2', 'Zbrush') , 2
('s5', 'Editing') , 6
('s10', 'Article Rewriting') , 15
('s7', 'Report Writing') , 8
('s10', '3D Modelling') , 4
('s7', 'Videography') , 2
('s10', 'Drupal') , 2
('s3', 'Web Hosting') , 7
('s4', 'System Admin') , 2
('s7', 'Amazon Web Services') , 6
('s9', 'Windows Server') , 2
('s7', 'Internet Research') , 6
('s4', 'Microsoft Access') , 5
('s5', 'Sphinx') , 1
('s3', 'Customer Support') , 1
('s4', 'Telemarketing') , 1
('s1', 'Copy Typing') , 2
('s3', 'Presentations') , 3
('s1', 'TYPO3') , 1
('s1', 'Autodesk Revit') , 2
('s2', '360-degree video') , 1
('s6', 'Business Plans') , 5
('s7', 'Business Analysis') , 7
('s7', 'iOS Development') , 2
('s9', 'Product Descriptions') , 2
('s5', 'Computer Help') , 1
('s1', 'Software Development') , 1
('s4', 'Word') , 9
('s3', 'Medical Writing') , 2
('s4', 'Proposal/Bid Writing') , 1
('s10', 'iOS Development') , 4
('s9', 'Swift') , 5
('s7', 'Cloud Computing') , 1
('s9', 'Open Cart') , 2
('s1', 'Adobe Flash') , 6
('s6', 'Flash 3D') , 1
('s8', 'Game Development') , 3
('s3', 'Arduino') , 1
('s5', 'Angular.js') , 5
('s5', 'Music') , 3
('s4', 'Objective C') , 8
('s3', 'VoIP') , 4
('s5', 'Neural Networks') , 1
('s3', 'Advertisement Design') , 6
('s4', 'Fiction') , 1
('s10', 'App Designer') , 5
('s8', 'Objective C') , 3
('s9', 'iPad') , 3
('s4', 'Search Engine Marketing') , 2
('s5', 'Social Media Marketing') , 10
('s6', 'Sales') , 4
('s9', 'Mobile App Development') , 11
('s10', 'Report Writing') , 9
('s8', 'Academic Writing') , 1
('s8', 'Adobe Premiere Pro') , 2
('s8', 'Templates') , 1
('s5', 'Raspberry Pi') , 1
('s9', 'FPGA') , 1
('s7', 'Sound Design') , 2
('s6', 'Sound Design') , 1
('s9', 'Translation') , 6
('s10', 'Stationery Design') , 3
('s9', 'Branding') , 2
('s3', 'Pre-production') , 1
('s5', 'QuarkXPress') , 2
('s3', 'Package Design') , 1
('s5', 'Packing & Shipping') , 1
('s9', 'PayPal API') , 5
('s10', 'Accounting') , 4
('s5', 'Market Research') , 3
('s8', 'Business Writing') , 4
('s6', 'Recruitment') , 1
('s9', 'Yiddish') , 1
('s3', 'Simplified Chinese (China)') , 1
('s5', 'Supplier Sourcing') , 2
('s6', 'Microsoft Visio') , 3
('s7', 'Visual Basic') , 9
('s8', 'Tamil') , 1
('s6', 'Pinterest') , 3
('s6', 'Covers & Packaging') , 4
('s2', 'Autodesk Revit') , 1
('s10', 'Geolocation') , 1
('s7', 'Cartography & Maps') , 1
('s8', 'Google Earth') , 1
('s2', 'Dutch') , 2
('s9', 'Travel Writing') , 4
('s9', 'Search Engine Marketing') , 1
('s1', 'Adobe Illustrator') , 1
('s9', 'Microsoft Office') , 4
('s2', 'Electrical Engineering') , 7
('s8', 'Arduino') , 2
('s10', 'Proposal/Bid Writing') , 1
('s7', 'Statistics') , 3
('s5', 'Logistics & Shipping') , 1
('s6', 'Industrial Engineering') , 1
('s8', 'Blog Writing') , 1
('s6', 'Angular.js') , 4
('s7', 'Swift') , 6
('s8', 'LESS/Sass/SCSS') , 2
('s10', 'Zen Cart') , 1
('s9', 'CMS') , 4
('s1', 'Network Administration') , 7
('s2', 'Cisco') , 2
('s3', 'Computer Security') , 4
('s4', 'Internet Security') , 1
('s5', 'VMware') , 2
('s7', 'Windows Desktop') , 5
('s9', 'Cloud Computing') , 2
('s3', 'Structural Engineering') , 1
('s10', 'Short Stories') , 1
('s2', 'eBooks') , 4
('s3', 'Book Writing') , 2
('s7', 'Screenwriting') , 1
('s9', 'Fiction') , 2
('s9', 'Testing / QA') , 2
('s5', 'Audio Services') , 1
('s5', 'Cocoa') , 1
('s8', 'iOS Development') , 4
('s9', 'App Designer') , 1
('s1', 'Project Management') , 2
('s2', 'Project Scheduling') , 1
('s8', 'Construction Monitoring') , 1
('s10', 'Drafting') , 1
('s3', 'Plumbing') , 1
('s4', 'Instrumentation') , 1
('s5', 'Hot Water') , 1
('s7', 'Autodesk Revit') , 1
('s8', 'Web Security') , 5
('s9', 'Advertisement Design') , 3
('s4', 'Google Analytics') , 2
('s10', 'Business Cards') , 5
('s10', 'Microsoft Office') , 2
('s8', 'Socket IO') , 1
('s1', 'Electrical Engineering') , 5
('s10', 'Structural Engineering') , 1
('s4', 'Lighting') , 1
('s7', 'Plumbing') , 1
('s10', 'English (UK)') , 4
('s7', 'Product Descriptions') , 1
('s3', 'Project Management') , 2
('s4', 'Typography') , 1
('s5', 'Video Broadcasting') , 1
('s10', 'Windows Mobile') , 1
('s3', 'Blackberry') , 1
('s8', 'Windows Desktop') , 7
('s2', 'AutoHotkey') , 1
('s3', 'Django') , 2
('s6', 'Amazon Web Services') , 3
('s5', 'Business Card Design') , 1
('s3', 'Metatrader') , 1
('s5', 'Mortgage Brokering') , 1
('s8', 'Mobile App Testing') , 2
('s3', 'ASP.NET') , 4
('s6', 'Payroll') , 1
('s2', 'Perl') , 2
('s5', 'Link Building') , 6
('s5', 'Press Releases') , 4
('s2', 'Apache') , 1
('s4', 'Nginx') , 2
('s3', 'App Developer') , 6
('s7', 'Wireframes') , 1
('s3', 'MySpace') , 1
('s4', 'Affiliate Marketing') , 1
('s10', 'Angular.js') , 5
('s6', 'Design') , 3
('s8', 'Bootstrap') , 6
('s3', 'Italian') , 3
('s1', 'MeteorJS') , 1
('s5', 'Codeigniter') , 6
('s7', 'Yii') , 1
('s2', 'Accounting') , 5
('s4', 'Business Analysis') , 6
('s5', 'Financial Analysis') , 1
('s6', 'RESTful') , 3
('s10', 'RESTful') , 1
('s6', 'Cocoa') , 2
('s8', 'App Developer') , 5
('s9', 'Social Networking') , 1
('s8', 'Sketching') , 1
('s9', '2D Animation') , 1
('s1', 'Angular.js') , 3
('s5', 'Plugin') , 1
('s10', 'English Spelling') , 2
('s4', 'SPSS Statistics') , 2
('s5', 'Minitab') , 1
('s6', 'Testing / QA') , 2
('s8', 'R Programming Language') , 1
('s4', 'Stripe') , 1
('s6', 'Legal') , 1
('s8', 'Legal Research') , 3
('s10', 'Prestashop') , 2
('s3', 'Publishing') , 1
('s5', 'Coding') , 2
('s2', 'Google Adwords') , 4
('s4', 'Poster Design') , 6
('s5', 'Presentations') , 1
('s6', 'Urdu') , 2
('s1', 'Article Rewriting') , 2
('s7', 'Book Writing') , 2
('s6', 'Algorithm') , 2
('s3', 'Web Services') , 1
('s10', '.NET') , 9
('s8', 'Management') , 2
('s7', 'Shopify') , 3
('s9', 'Shopify Templates') , 1
('s4', 'German') , 4
('s5', 'Apple Logic Pro') , 1
('s2', 'Database Programming') , 3
('s5', 'Anything Goes') , 4
('s8', 'Mac OS') , 1
('s7', 'PCB Layout') , 1
('s1', 'Prestashop') , 3
('s3', 'Yii') , 1
('s3', 'iPad') , 2
('s8', 'Software Testing') , 4
('s9', 'Django') , 1
('s9', 'Management') , 1
('s8', 'Video Production') , 2
('s3', 'Motion Graphics') , 2
('s10', 'Golang') , 1
('s2', '.NET') , 15
('s5', 'PostgreSQL') , 2
('s9', 'Blackberry') , 1
('s7', 'Vectorization') , 2
('s4', 'Asterisk PBX') , 1
('s5', 'Apache') , 4
('s6', 'CakePHP') , 3
('s10', 'YouTube') , 2
('s6', 'Twitter') , 3
('s7', 'Customer Support') , 3
('s10', 'Autodesk Inventor') , 1
('s3', 'Product Design') , 4
('s4', 'Product Management') , 1
('s1', 'Spanish') , 2
('s10', 'Linux') , 4
('s6', 'ERP') , 1
('s10', 'Legal Research') , 1
('s5', 'Legal') , 1
('s9', 'Contracts') , 1
('s7', 'PhoneGap') , 1
('s1', 'ASP') , 4
('s5', 'CSS3') , 4
('s4', 'Branding') , 4
('s6', 'Branding') , 1
('s9', 'Motion Graphics') , 3
('s10', 'Shopify') , 1
('s5', 'Manufacturing Design') , 2
('s8', 'Matlab and Mathematica') , 2
('s4', 'Advertisement Design') , 2
('s8', 'Spanish (Spain)') , 2
('s4', 'CGI') , 1
('s5', 'JSP') , 2
('s2', 'Laravel') , 1
('s5', 'Django') , 2
('s7', 'Excel VBA') , 2
('s5', 'Google Maps API') , 4
('s10', 'Embedded Software') , 2
('s1', 'Customer Support') , 1
('s4', 'Customer Service') , 1
('s7', 'Statistical Analysis') , 2
('s9', 'SPSS Statistics') , 1
('s4', 'Angular.js') , 3
('s2', 'Advertisement Design') , 2
('s5', 'Prestashop') , 4
('s6', '3ds Max') , 9
('s8', 'Vectorization') , 3
('s3', 'Software Development') , 2
('s10', 'Flash 3D') , 1
('s5', 'XML') , 4
('s8', 'Flex') , 1
('s5', 'Arts & Crafts') , 2
('s3', 'Freelance') , 1
('s4', 'SEO Writing') , 1
('s7', 'Bitcoin') , 1
('s8', 'Ionic Framework') , 1
('s4', 'Training') , 1
('s1', 'Swift') , 4
('s1', 'Objective C') , 2
('s4', 'Ruby on Rails') , 2
('s5', 'Unity 3D') , 3
('s3', 'Legal Writing') , 2
('s8', 'React.js') , 3
('s6', 'Ionic Framework') , 3
('s9', 'Adobe Flash') , 5
('s4', 'WooCommerce') , 2
('s6', 'Plugin') , 1
('s5', 'Circuit Design') , 3
('s5', 'Financial Research') , 2
('s7', 'Financial Markets') , 1
('s1', 'Link Building') , 1
('s7', 'Sharepoint') , 1
('s4', 'PSD2CMS') , 2
('s5', 'Joomla') , 9
('s7', 'Shopify Templates') , 2
('s2', 'Email Handling') , 1
('s10', 'Sales') , 3
('s9', 'Email Developer') , 1
('s2', 'Data Mining') , 2
('s1', 'XML') , 2
('s2', 'XSLT') , 1
('s3', 'XQuery') , 1
('s4', 'Programming') , 3
('s10', 'Furniture Design') , 2
('s3', 'Business Plans') , 5
('s6', 'Business Analysis') , 2
('s3', 'Web Security') , 3
('s4', 'Yii') , 3
('s4', 'Algorithm') , 4
('s3', 'Angular.js') , 3
('s5', 'OpenGL') , 2
('s10', 'Game Design') , 2
('s2', 'Unity 3D') , 2
('s10', 'AutoCAD') , 4
('s6', 'node.js') , 2
('s2', 'Web Security') , 4
('s5', 'x86/x64 Assembler') , 1
('s3', 'Telemarketing') , 1
('s5', 'Customer Service') , 3
('s4', 'MVC') , 2
('s7', 'Travel Writing') , 1
('s1', '3ds Max') , 4
('s2', 'Industrial Design') , 1
('s4', 'Adobe Dreamweaver') , 1
('s1', 'Screenwriting') , 2
('s1', 'MySQL') , 5
('s4', 'GPS') , 1
('s5', 'DotNetNuke') , 1
('s4', 'Traditional Chinese (Hong Kong)') , 2
('s4', 'Pickup') , 1
('s2', 'Leads') , 4
('s4', 'Linkedin') , 1
('s8', 'Social Media Marketing') , 2
('s9', 'Customer Service') , 1
('s4', 'Technical Support') , 1
('s6', 'Joomla') , 8
('s7', 'Blog Design') , 1
('s8', 'Virtuemart') , 1
('s9', 'node.js') , 4
('s1', 'Windows Server') , 6
('s7', 'MVC') , 1
('s1', 'Social Networking') , 3
('s3', 'Article Submission') , 1
('s7', 'Metatrader') , 1
('s8', 'Financial Markets') , 1
('s3', 'Telecommunications Engineering') , 1
('s4', 'Open Cart') , 3
('s5', 'OAuth') , 1
('s7', 'Transcription') , 3
('s2', 'Google SketchUp') , 1
('s4', 'Reviews') , 1
('s8', 'Russian') , 2
('s4', 'Verilog / VHDL') , 1
('s5', 'Electrical Engineering') , 6
('s6', 'R Programming Language') , 1
('s7', 'Raspberry Pi') , 2
('s4', 'Digital Design') , 1
('s3', 'JSP') , 3
('s4', 'UML Design') , 3
('s9', 'Bulgarian') , 1
('s7', 'Hindi') , 1
('s6', 'French (Canadian)') , 1
('s7', 'Italian') , 2
('s4', 'Serbian') , 1
('s6', 'Short Stories') , 1
('s9', 'Game Development') , 3
('s9', 'Perl') , 2
('s2', 'Yii') , 1
('s8', 'Web Services') , 2
('s9', 'Ionic Framework') , 2
('s10', 'Google Plus') , 1
('s2', 'Facebook Marketing') , 6
('s9', 'Link Building') , 3
('s2', 'iOS Development') , 3
('s5', 'Nginx') , 1
('s6', 'Email Marketing') , 2
('s7', 'Microsoft Office') , 4
('s4', 'Financial Research') , 1
('s5', 'Financial Markets') , 1
('s2', 'CakePHP') , 1
('s9', 'Autodesk Revit') , 1
('s3', 'SQL') , 10
('s7', 'Hadoop') , 1
('s8', 'Map Reduce') , 1
('s5', 'Internet Research') , 6
('s6', 'Perl') , 1
('s7', 'Tattoo Design') , 1
('s9', 'Poster Design') , 2
('s10', 'Tax Law') , 1
('s2', 'Business Writing') , 1
('s4', 'Contracts') , 1
('s5', 'Investment Research') , 1
('s6', 'Management') , 1
('s9', 'Employment Law') , 1
('s5', 'Visual Foxpro') , 1
('s9', 'Zoho') , 1
('s5', 'App Designer') , 5
('s6', 'Creative Design') , 3
('s10', 'Caricature & Cartoons') , 1
('s9', 'Presentations') , 5
('s1', 'Building Architecture') , 7
('s4', 'Home Design') , 2
('s7', '3D Modelling') , 9
('s2', 'J2EE') , 2
('s6', 'Assembly') , 3
('s2', 'Microsoft Exchange') , 3
('s5', 'Active Directory') , 2
('s7', 'Microsoft') , 4
('s10', 'Academic Writing') , 1
('s3', 'Patents') , 1
('s9', 'Database Programming') , 1
('s3', 'Database Programming') , 2
('s5', 'Geolocation') , 3
('s1', 'Icon Design') , 1
('s1', 'Manufacturing') , 1
('s3', 'Product Sourcing') , 1
('s9', 'Word Processing') , 1
('s10', 'Freelance') , 1
('s4', 'Flex') , 1
('s8', 'Reviews') , 4
('s2', 'Copy Typing') , 2
('s3', 'Customer Service') , 2
('s5', 'Call Center') , 1
('s6', 'Email Handling') , 4
('s5', 'Poetry') , 1
('s2', 'Telemarketing') , 1
('s4', 'Online Writing') , 2
('s3', 'Online Writing') , 2
('s2', 'Greek') , 1
('s1', 'Microsoft Exchange') , 1
('s3', 'Active Directory') , 1
('s4', 'VMware') , 1
('s5', 'DNS') , 1
('s6', 'Microsoft Outlook') , 1
('s7', 'PayPal API') , 1
('s2', 'PostgreSQL') , 1
('s4', 'Ruby') , 2
('s6', 'Heroku') , 1
('s5', 'Adobe Dreamweaver') , 2
('s9', 'Typography') , 1
('s1', 'Machine Learning') , 2
('s8', 'CSS3') , 2
('s6', 'Transcription') , 3
('s8', 'Statistics') , 5
('s9', 'YouTube') , 1
('s6', 'Computer Graphics') , 1
('s10', 'Google Maps API') , 1
('s5', 'React.js') , 2
('s9', 'Russian') , 3
('s10', 'Varnish Cache') , 1
('s5', 'VPS') , 1
('s6', 'Network Administration') , 2
('s10', 'Instagram') , 2
('s7', 'Search Engine Marketing') , 4
('s9', 'Google Analytics') , 2
('s8', 'Communications') , 1
('s2', 'German') , 5
('s1', 'AJAX') , 4
('s10', 'Typing') , 1
('s8', 'Machine Learning') , 3
('s9', 'Image Processing') , 1
('s3', 'Cartography & Maps') , 1
('s1', 'Internet Research') , 3
('s5', 'Powershell') , 1
('s6', 'Data Scraping') , 1
('s10', 'Russian') , 2
('s2', 'Estonian') , 1
('s4', 'Publishing') , 1
('s2', 'Project Management') , 2
('s4', 'Mathematics') , 6
('s1', 'Simplified Chinese (China)') , 2
('s5', 'Phone Support') , 3
('s8', 'Traditional Chinese (Taiwan)') , 1
('s9', 'Transcription') , 5
('s10', 'Windows Server') , 3
('s2', 'Asterisk PBX') , 3
('s4', 'VoIP') , 1
('s7', 'UNIX') , 1
('s8', 'PostgreSQL') , 2
('s9', 'Network Administration') , 1
('s1', 'Wireless') , 1
('s10', 'Machine Learning') , 1
('s6', 'Statistical Analysis') , 1
('s7', 'Bluetooth Low Energy (BLE)') , 1
('s9', 'Algorithm') , 2
('s9', 'Videography') , 2
('s3', 'Interior Design') , 3
('s1', 'Delivery') , 1
('s5', 'Management') , 2
('s9', 'Twitter') , 1
('s4', 'Customer Support') , 1
('s2', 'Business Card Design') , 1
('s2', 'Book Writing') , 3
('s7', 'Fiction') , 1
('s10', 'Industrial Design') , 1
('s8', 'Bulk Marketing') , 1
('s2', 'Customer Service') , 1
('s6', 'Debian') , 1
('s3', 'Email Marketing') , 2
('s4', 'Database Programming') , 3
('s6', 'Book Artist') , 1
('s7', 'Business Writing') , 5
('s9', 'Business Plans') , 2
('s7', '3D Printing') , 1
('s5', 'Perl') , 2
('s7', 'Marketing') , 3
('s3', 'Eclipse') , 1
('s10', 'Microsoft SQL Server') , 1
('s8', 'Algorithm') , 4
('s5', 'French (Canadian)') , 2
('s9', 'Laravel') , 2
('s3', 'Stationery Design') , 3
('s6', 'Voice Artist') , 3
('s9', 'Education & Tutoring') , 1
('s7', 'Unity 3D') , 1
('s7', 'Home Design') , 2
('s7', 'CS-Cart') , 1
('s2', 'Manufacturing') , 2
('s5', 'Automotive') , 1
('s4', 'Prestashop') , 2
('s3', 'Videography') , 5
('s8', '3D Animation') , 5
('s10', 'Final Cut Pro') , 2
('s8', 'Design') , 5
('s3', 'CRM') , 2
('s4', 'Newsletters') , 2
('s4', 'Game Development') , 3
('s8', 'Kinect') , 1
('s9', 'Stripe') , 1
('s6', 'Arduino') , 1
('s10', 'Debugging') , 1
('s8', 'Home Design') , 4
('s1', 'Hadoop') , 1
('s2', 'VMware') , 1
('s10', 'Troubleshooting') , 1
('s3', 'PDF') , 5
('s7', 'Drupal') , 3
('s9', 'Publishing') , 1
('s2', 'Wireless') , 1
('s3', 'Cisco') , 4
('s5', 'Physics') , 2
('s10', 'ASP.NET') , 1
('s5', 'Crystal Reports') , 1
('s9', 'Audio Production') , 1
('s10', 'Visual Basic for Apps') , 1
('s7', 'OpenGL') , 1
('s4', 'Forum Posting') , 1
('s8', 'Maya') , 3
('s1', 'Solidworks') , 2
('s10', '3D Model Maker') , 1
('s4', 'Microsoft Visio') , 1
('s6', 'Mechanical Engineering') , 6
('s2', 'PhoneGap') , 1
('s4', 'Ionic Framework') , 2
('s5', 'Xamarin') , 2
('s9', 'CRM') , 1
('s6', 'Open Cart') , 2
('s7', 'Parallax Scrolling') , 1
('s4', 'Product Design') , 2
('s9', 'Industrial Engineering') , 1
('s10', 'LESS/Sass/SCSS') , 4
('s1', 'Microsoft Office') , 1
('s5', 'Contracts') , 2
('s6', 'Legal Research') , 1
('s7', 'Patents') , 1
('s9', 'Tableau') , 1
('s8', 'Workshops') , 1
('s2', 'Video Production') , 4
('s7', 'Electronics') , 2
('s6', 'Blog Writing') , 1
('s3', 'Dutch') , 2
('s6', 'English Grammar') , 1
('s7', 'Voice Artist') , 2
('s8', 'Symfony PHP') , 2
('s9', 'German') , 1
('s2', 'Blog') , 2
('s1', 'Social Media Marketing') , 2
('s10', 'Viral Marketing') , 1
('s6', 'Instagram') , 1
('s7', 'Google Plus') , 2
('s4', 'Traditional Chinese (Taiwan)') , 1
('s5', 'Traditional Chinese (Hong Kong)') , 1
('s9', 'Telecommunications Engineering') , 2
('s4', 'Travel Writing') , 1
('s5', 'Microsoft') , 3
('s8', 'SQL') , 8
('s10', 'Speech Writing') , 1
('s8', 'Microsoft Access') , 5
('s10', 'Database Programming') , 1
('s8', 'Database Administration') , 2
('s8', 'Programming') , 4
('s3', 'Matlab and Mathematica') , 4
('s5', 'Chemical Engineering') , 1
('s3', 'Business Writing') , 1
('s5', 'Communications') , 1
('s4', 'Aerospace Engineering') , 2
('s5', 'Statistical Analysis') , 3
('s9', 'Japanese') , 2
('s3', 'MVC') , 2
('s2', 'Twitter') , 2
('s7', 'Structural Engineering') , 1
('s1', 'Market Research') , 2
('s3', 'Investment Research') , 1
('s8', 'Accounting') , 2
('s10', 'Voice Talent') , 1
('s6', 'English Spelling') , 1
('s9', 'French (Canadian)') , 1
('s10', 'Landscaping & Gardening') , 1
('s8', 'Resumes') , 1
('s9', 'Landing Pages') , 1
('s3', 'Press Releases') , 1
('s7', 'Reviews') , 3
('s9', 'Amazon Kindle') , 1
('s1', 'French') , 4
('s1', 'Amazon Web Services') , 1
('s3', 'XML') , 4
('s6', 'eBay') , 1
('s10', 'Typography') , 1
('s8', 'WooCommerce') , 6
('s10', 'Circuit Design') , 1
('s9', 'PCB Layout') , 2
('s10', 'VB.NET') , 2
('s4', 'ASP.NET') , 5
('s8', 'Microsoft Visio') , 1
('s10', 'Maya') , 1
('s2', 'Sales') , 2
('s4', 'Leads') , 4
('s5', 'eBay') , 2
('s4', 'Writing') , 1
('s8', 'Delphi') , 1
('s4', 'Adobe Illustrator') , 2
('s7', 'Git') , 1
('s5', 'Video Upload') , 1
('s1', 'Cisco') , 4
('s6', 'Internet Security') , 2
('s8', 'Telecommunications Engineering') , 1
('s9', 'Microsoft Visio') , 1
('s4', 'Natural Language') , 1
('s5', 'Procurement') , 1
('s7', 'Education & Tutoring') , 2
('s1', 'Ruby') , 2
('s6', 'NoSQL Couch & Mongo') , 1
('s9', 'English Grammar') , 3
('s10', 'Electrical Engineering') , 1
('s9', 'Statistics') , 2
('s5', 'Furniture Design') , 1
('s10', 'Fashion Design') , 1
('s6', 'Supplier Sourcing') , 1
('s7', 'Product Sourcing') , 2
('s8', 'Logistics & Shipping') , 1
('s3', 'Social Networking') , 1
('s5', 'Google Plus') , 1
('s7', 'Pinterest') , 2
('s9', 'Email Marketing') , 3
('s8', 'Cinema 4D') , 1
('s4', 'Supplier Sourcing') , 1
('s8', 'Product Sourcing') , 1
('s5', 'Structural Engineering') , 2
('s3', 'Game Development') , 2
('s5', 'Game Design') , 5
('s8', 'Unity 3D') , 3
('s7', 'Xamarin') , 1
('s2', 'Human Resources') , 1
('s3', 'Telephone Handling') , 1
('s7', 'Kinetic Typography') , 1
('s4', 'Web Development') , 2
('s8', 'Music') , 1
('s2', 'Script Install') , 1
('s4', 'Manufacturing Design') , 1
('s1', 'R Programming Language') , 3
('s1', 'Oracle') , 2
('s6', 'Hadoop') , 1
('s1', 'Mailchimp') , 1
('s5', 'Metatrader') , 1
('s1', 'Website Testing') , 1
('s7', 'User Experience Design') , 3
('s4', 'Google Chrome') , 1
('s3', 'Microsoft SQL Server') , 3
('s8', 'Infographics') , 1
('s9', 'Blog Install') , 4
('s4', 'Petroleum Engineering') , 1
('s2', 'Google App Engine') , 1
('s8', 'JSON') , 2
('s1', 'App Designer') , 1
('s7', 'Arabic') , 3
('s9', 'User Interface Design') , 3
('s4', 'Delphi') , 2
('s3', 'Visual Arts') , 2
('s7', 'Zen Cart') , 1
('s8', 'Prestashop') , 2
('s9', 'OSCommerce') , 1
('s10', 'Big Data') , 2
('s9', 'eBay') , 2
('s5', 'Education & Tutoring') , 3
('s1', 'Microsoft SQL Server') , 3
('s10', 'Visualization') , 1
('s4', 'Database Development') , 1
('s8', 'Linkedin') , 1
('s3', 'JavaFX') , 1
('s4', 'ERP') , 1
('s5', 'Microsoft SQL Server') , 5
('s5', 'Apple Watch') , 1
('s8', 'VB.NET') , 1
('s4', 'User Interface / IA') , 4
('s6', 'DotNetNuke') , 1
('s9', 'Visual Basic') , 3
('s7', 'Web Services') , 3
('s2', 'Google Analytics') , 1
('s3', 'Search Engine Marketing') , 2
('s8', 'Human Resources') , 1
('s3', 'Website Testing') , 4
('s4', 'Computer Security') , 3
('s8', 'Internet Security') , 2
('s9', 'JSON') , 1
('s4', 'Internet Research') , 4
('s4', 'PLC & SCADA') , 2
('s6', 'Renewable Energy Design') , 2
('s9', 'LabVIEW') , 1
('s2', 'Open Cart') , 1
('s3', 'iOS Development') , 1
('s4', 'Civil Engineering') , 1
('s5', 'Finite Element Analysis') , 1
('s6', 'Solidworks') , 3
('s2', 'Lisp') , 1
('s4', 'Industrial Design') , 3
('s9', 'Fashion Modeling') , 1
('s10', 'After Effects') , 3
('s4', 'Microsoft') , 5
('s7', 'Invitation Design') , 1
('s5', 'Network Administration') , 4
('s10', 'Slogans') , 1
('s1', 'Structural Engineering') , 2
('s2', 'Civil Engineering') , 1
('s6', 'Polish') , 1
('s9', 'Pinterest') , 1
('s4', 'Call Center') , 1
('s7', 'Korean') , 2
('s9', 'Mac OS') , 2
('s10', 'Music') , 1
('s6', 'JavaFX') , 2
('s7', 'JSP') , 1
('s9', 'J2EE') , 2
('s5', 'PhoneGap') , 3
('s7', 'DNS') , 1
('s8', 'Nginx') , 2
('s9', 'VPS') , 2
('s8', 'Book Artist') , 1
('s4', 'Instagram') , 1
('s8', 'CMS') , 3
('s6', 'Google Analytics') , 3
('s7', 'Google Adsense') , 2
('s8', 'Search Engine Marketing') , 2
('s3', 'Financial Markets') , 1
('s5', 'R Programming Language') , 1
('s6', 'Hebrew') , 1
('s5', 'Microsoft Visio') , 1
('s6', 'UML Design') , 1
('s8', 'Microsoft') , 1
('s8', 'Odoo') , 1
('s7', 'Computer Security') , 1
('s8', 'Network Administration') , 1
('s8', 'User Interface Design') , 1
('s6', 'Blog Install') , 1
('s8', 'Plugin') , 1
('s9', 'Coding') , 1
('s8', 'Motion Graphics') , 5
('s9', 'Adobe Premiere Pro') , 1
('s4', 'Adobe Flash') , 2
('s2', 'Django') , 3
('s5', 'Real Estate') , 1
('s8', 'Google Website Optimizer') , 1
('s9', 'Test Automation') , 1
('s10', 'Asterisk PBX') , 1
('s2', 'Ubuntu') , 1
('s5', 'OpenSSL') , 2
('s6', 'WHMCS') , 2
('s7', 'OpenVPN') , 1
('s8', 'Bash Scripting') , 1
('s3', 'Docker') , 1
('s10', 'Education & Tutoring') , 1
('s7', 'Short Stories') , 2
('s10', 'OSCommerce') , 1
('s5', 'Open Cart') , 4
('s3', 'Legal') , 2
('s7', 'Psychology') , 1
('s9', 'Sound Design') , 1
('s6', 'Drafting') , 1
('s1', 'Bengali') , 1
('s3', 'Health') , 1
('s5', 'Human Sciences') , 1
('s3', 'Technical Support') , 1
('s4', 'Active Directory') , 1
('s10', 'Ionic Framework') , 1
('s6', 'Ruby on Rails') , 2
('s9', 'Express JS') , 1
('s9', 'History') , 1
('s10', 'Email Developer') , 1
('s5', 'Interspire') , 1
('s6', 'Web Security') , 1
('s10', 'Mailchimp') , 2
('s5', 'Classifieds Posting') , 1
('s6', 'Database Administration') , 1
('s6', 'iOS Development') , 1
('s7', 'Mobile App Testing') , 2
('s6', 'Book Writing') , 3
('s8', 'Materials Engineering') , 1
('s8', 'J2EE') , 1
('s6', 'Arabic') , 1
('s10', 'Objective C') , 3
('s10', 'Network Administration') , 2
('s7', 'Apache') , 1
('s9', 'Sticker Design') , 1
('s10', 'Physics') , 1
('s1', 'PDF') , 1
('s5', 'Landscape Design') , 1
('s8', 'Creative Writing') , 5
('s10', 'Presentations') , 1
('s2', 'Finale / Sibelius') , 1
('s9', 'Resumes') , 1
('s1', 'Sales') , 2
('s3', 'Prezi') , 1
('s10', 'Microsoft Access') , 4
('s7', 'Product Management') , 1
('s10', 'Linkedin') , 2
('s4', 'LESS/Sass/SCSS') , 1
('s2', 'Intuit QuickBooks') , 2
('s3', 'Bookkeeping') , 1
('s10', 'UNIX') , 2
('s2', 'Nginx') , 2
('s4', 'Debian') , 2
('s7', 'Asterisk PBX') , 1
('s8', 'NoSQL Couch & Mongo') , 1
('s9', 'Amazon Web Services') , 2
('s5', 'CMS') , 2
('s2', 'Programming') , 1
('s9', 'Adobe InDesign') , 5
('s9', 'Regular Expressions') , 1
('s5', 'Moving') , 1
('s8', 'Google Webmaster Tools') , 3
('s1', 'Umbraco') , 1
('s6', 'ASP') , 3
('s4', 'OSCommerce') , 2
('s1', 'Qualtrics Survey Platform') , 1
('s2', 'Wufoo') , 1
('s3', 'Adobe Premiere Pro') , 1
('s6', 'JSP') , 2
('s6', 'Asterisk PBX') , 1
('s6', 'Fashion Design') , 1
('s10', 'Travel Writing') , 1
('s6', 'Reviews') , 1
('s5', 'Internet Security') , 2
('s9', 'DNS') , 1
('s2', 'Icon Design') , 1
('s9', 'Phone Support') , 1
('s4', 'Google Adsense') , 2
('s5', 'Ad Planning & Buying') , 1
('s8', 'Google Adwords') , 2
('s2', 'Computer Graphics') , 2
('s3', 'OpenGL') , 1
('s8', 'Label Design') , 2
('s4', 'Legal') , 1
('s6', 'Grant Writing') , 1
('s7', 'Newsletters') , 1
('s9', 'Legal Writing') , 1
('s10', 'Visual Arts') , 1
('s7', 'Financial Research') , 1
('s5', 'Google Adsense') , 1
('s4', 'PostgreSQL') , 2
('s4', 'Weddings') , 1
('s3', 'Flash 3D') , 1
('s7', 'Electrical Engineering') , 3
('s10', 'Samsung') , 1
('s10', 'Landscape Design') , 1
('s3', 'Danish') , 1
('s9', 'Shell Script') , 1
('s3', 'Data Mining') , 5
('s6', 'Commercials') , 2
('s6', 'Fashion Modeling') , 1
('s1', 'Website Management') , 1
('s5', 'Microsoft Outlook') , 2
('s10', 'Building Architecture') , 2
('s1', 'Shopify') , 3
('s5', 'WHMCS') , 1
('s6', 'PhoneGap') , 1
('s1', 'Salesforce.com') , 1
('s2', 'Salesforce App Development') , 1
('s6', 'Unity 3D') , 1
('s5', 'Google Adwords') , 2
('s8', 'XSLT') , 1
('s4', 'Google Adwords') , 3
('s6', 'SEO Auditing') , 1
('s9', 'Adobe Lightroom') , 1
('s4', 'Google Plus') , 3
('s8', 'Instagram') , 1
('s6', 'Image Processing') , 1
('s5', 'CakePHP') , 1
('s3', 'CMS') , 2
('s10', 'Google Adwords') , 2
('s3', 'Pinterest') , 1
('s4', 'YouTube') , 2
('s7', 'Instagram') , 1
('s9', 'Sales') , 1
('s10', 'Augmented Reality') , 1
('s9', 'CGI') , 1
('s1', 'Adobe Dreamweaver') , 1
('s8', 'Ruby') , 1
('s6', 'Linkedin') , 1
('s5', 'Autodesk Revit') , 2
('s9', 'Building Architecture') , 3
('s1', 'Korean') , 1
('s1', 'Remote Sensing') , 1
('s3', 'Test Automation') , 1
('s3', 'Visual Basic for Apps') , 1
('s5', 'Excel VBA') , 1
('s2', 'Shopping Carts') , 1
('s7', 'Photo Retouching') , 1
('s5', 'Debugging') , 1
('s7', 'Delphi') , 2
('s3', 'CasperJS') , 1
('s4', 'Microsoft SQL Server') , 3
('s5', 'Typing') , 1
('s10', 'Photoshop Coding') , 1
('s2', 'Ruby on Rails') , 1
('s10', 'Azure') , 2
('s6', 'Kitchen') , 1
('s1', 'Coding') , 2
('s4', 'Apache Ant') , 1
('s5', 'Asterisk PBX') , 1
('s3', 'Manufacturing') , 1
('s10', 'Cisco') , 2
('s5', 'Cloud Computing') , 1
('s6', 'Active Directory') , 1
('s8', 'Sharepoint') , 1
('s2', 'Corporate Identity') , 2
('s6', 'Email Developer') , 1
('s1', 'Electronic Forms') , 1
('s2', 'Google Maps API') , 1
('s9', 'Accounting') , 1
('s10', 'Natural Language') , 1
('s9', 'Machine Learning') , 1
('s2', 'Bulk Marketing') , 1
('s3', 'Email Handling') , 1
('s4', 'Mailwizz') , 1
('s6', 'Interspire') , 1
('s8', 'Ruby on Rails') , 2
('s6', 'Human Resources') , 1
('s1', 'PSD to HTML') , 3
('s10', 'Voice Artist') , 1
('s8', 'Portuguese') , 1
('s5', 'Romanian') , 2
('s3', 'User Experience Design') , 1
('s4', 'User Interface Design') , 3
('s2', 'Medical') , 1
('s10', 'Zoho') , 1
('s7', 'CRM') , 1
('s1', 'Russian') , 2
('s9', 'Telephone Handling') , 1
('s2', 'Bengali') , 1
('s6', 'Zbrush') , 1
('s6', 'Wireframes') , 1
('s7', 'eBay') , 1
('s3', 'Adobe Flash') , 1
('s10', 'Payroll') , 1
('s7', 'Inventory Management') , 1
('s8', 'Intuit QuickBooks') , 1
('s5', 'Adobe Lightroom') , 1
('s1', 'Hebrew') , 1
('s5', 'Helpdesk') , 1
('s3', 'Cloud Computing') , 1
('s4', 'Raspberry Pi') , 1
('s4', 'Zend') , 1
('s7', 'Microsoft Access') , 2
('s8', 'Yii') , 1
('s8', 'Microsoft Outlook') , 1
('s9', 'Financial Analysis') , 1
('s1', 'Ubuntu') , 1
('s8', 'Contracts') , 1
('s9', 'Bookkeeping') , 1
('s5', 'Data Scraping') , 1
('s7', 'XML') , 4
('s8', 'eBay') , 1
('s5', 'Computer Graphics') , 1
('s10', 'Matlab and Mathematica') , 2
('s8', 'Social Networking') , 2
('s6', 'Shopify') , 4
('s10', 'Tattoo Design') , 1
('s9', 'Plugin') , 1
('s5', 'Image Processing') , 1
('s9', 'Hindi') , 1
('s2', 'Bootstrap') , 1
('s9', 'Market Research') , 1
('s5', 'Invitation Design') , 1
('s8', 'PayPal API') , 1
('s1', 'Codeigniter') , 1
('s4', 'Finance') , 2
('s8', 'Bookkeeping') , 1
('s7', 'LabVIEW') , 1
('s8', 'Microcontroller') , 2
('s3', 'Assembly') , 1
('s5', 'Oracle') , 1
('s3', 'Weebly') , 1
('s6', 'Google Webmaster Tools') , 1
('s2', 'Machine Learning') , 3
('s4', 'Artificial Intelligence') , 1
('s6', 'Imaging') , 2
('s7', 'Adobe Lightroom') , 1
('s2', 'Japanese') , 1
('s4', 'Windows API') , 1
('s10', 'Bookkeeping') , 1
('s3', 'Codeigniter') , 1
('s2', 'Training') , 1
('s10', 'Article Submission') , 2
('s7', 'Coding') , 1
('s6', 'VB.NET') , 2
('s10', 'Statistical Analysis') , 1
('s4', 'Spark') , 1
('s5', 'Pre-production') , 1
('s4', 'Zbrush') , 1
('s6', 'Civil Engineering') , 2
('s6', 'Voice Talent') , 1
('s6', 'PayPal API') , 1
('s4', 'Adobe Lightroom') , 1
('s2', 'OSCommerce') , 1
('s8', 'Zen Cart') , 1
('s9', 'PhoneGap') , 1
('s10', 'SAP') , 1
('s2', 'Word') , 3
('s2', 'ASP') , 1
('s7', 'Usability Testing') , 1
('s9', 'Matlab and Mathematica') , 1
('s7', 'Sticker Design') , 1
('s6', 'Spanish (Spain)') , 1
('s8', 'Forum Posting') , 1
('s1', 'eCommerce') , 1
('s4', 'Accounting') , 1
('s7', 'Software Testing') , 1
('s2', 'Tableau') , 1
('s3', 'Business Intelligence') , 1
('s4', 'SAS') , 1
('s5', 'Analytics') , 1
('s2', 'Google Chrome') , 1
('s4', 'Firefox') , 1
('s6', 'Extensions & Additions') , 1
('s1', 'Word') , 1
('s2', 'Indonesian') , 1
('s5', 'Email Marketing') , 1
('s7', 'Anything Goes') , 2
('s10', 'Plesk') , 2
('s4', 'Web Security') , 2
('s5', 'Computer Security') , 1
('s4', 'WPF') , 1
('s6', 'Windows 8') , 1
('s8', 'MVC') , 2
('s9', 'Windows Phone') , 1
('s1', 'Django') , 2
('s7', 'Market Research') , 1
('s5', 'Ruby on Rails') , 1
('s9', 'Ruby') , 1
('s10', 'Finance') , 1
('s2', 'Thai') , 1
('s6', 'Post-Production') , 1
('s8', 'Apple Logic Pro') , 1
('s9', 'Finale / Sibelius') , 1
('s4', 'Furniture Design') , 1
('s4', 'Lisp') , 1
('s7', 'Serbian') , 1
('s5', 'Ionic Framework') , 1
('s3', 'Legal Research') , 1
('s4', 'Computer Graphics') , 1
('s7', 'Audio Production') , 1
('s6', 'Object Oriented Programming (OOP)') , 1
('s10', 'VMware') , 1
('s9', 'Ubuntu') , 2
('s4', 'Invitation Design') , 1
('s5', 'Landing Pages') , 2
('s5', 'Pinterest') , 1
('s6', 'Electronic Forms') , 1
('s2', 'Typography') , 1
('s2', 'Maya') , 1
('s8', 'node.js') , 1
('s9', 'Package Design') , 1
('s7', 'Data Science') , 1
('s8', 'Google SketchUp') , 3
('s1', 'VPS') , 1
('s6', 'IIS') , 1
('s10', 'Dating') , 1
('s8', 'Pickup') , 1
('s10', 'Book Artist') , 1
('s5', 'Website Testing') , 2
('s2', 'Mobile App Testing') , 2
('s3', 'Android Wear SDK') , 1
('s4', 'JSON') , 2
('s1', 'Fashion Design') , 1
('s8', 'User Experience Design') , 2
('s5', 'Book Artist') , 2
('s7', 'Freelance') , 1
('s8', 'Painting') , 1
('s9', 'Concept Art') , 1
('s4', 'Music') , 1
('s10', 'PayPal API') , 3
('s5', 'Adobe Illustrator') , 1
('s6', 'Web Development') , 2
('s10', 'Bluetooth Low Energy (BLE)') , 1
('s3', 'Embedded Software') , 1
('s6', 'Microcontroller') , 1
('s2', 'Urdu') , 1
('s4', 'R Programming Language') , 2
('s1', 'Contracts') , 1
('s6', 'Employment Law') , 1
('s8', 'Property Law') , 1
('s9', 'Patents') , 1
('s10', 'Video Upload') , 1
('s9', 'Medical') , 1
('s4', 'Odoo') , 1
('s7', 'ERP') , 1
('s10', 'Software Testing') , 1
('s10', 'CakePHP') , 1
('s9', 'Electrical Engineering') , 1
('s4', 'Testing / QA') , 1
('s2', 'WooCommerce') , 1
('s1', 'eLearning') , 1
('s6', 'Training') , 1
('s7', 'Courses') , 1
('s7', 'Social Networking') , 1
('s10', 'Mac OS') , 1
('s9', 'Solidworks') , 1
('s10', 'Market Research') , 2
('s9', '3D Printing') , 1
('s3', 'Engineering Drawing') , 1
('s2', 'Zen Cart') , 1
('s6', 'Vectorization') , 2
('s1', 'Google Plus') , 1
('s4', 'Concept Art') , 2
('s5', 'Product Management') , 1
('s4', 'Data Science') , 1
('s5', 'Data Analytics') , 1
('s6', 'Analytics') , 1
('s10', 'Video Broadcasting') , 1
('s8', 'Visual Arts') , 1
('s1', 'Shopping Carts') , 1
('s8', 'Shopify Templates') , 1
('s10', 'Thai') , 1
('s3', 'Business Analysis') , 2
('s5', 'English Grammar') , 2
('s8', 'English Spelling') , 1
('s7', 'Format & Layout') , 1
('s1', 'Legal Research') , 1
('s2', 'Legal Writing') , 1
('s5', 'DOS') , 1
('s9', 'Press Releases') , 1
('s9', 'Web Development') , 1
('s3', 'Human Resources') , 1
('s6', 'Project Scheduling') , 1
('s10', 'Umbraco') , 1
('s6', 'Delphi') , 1
('s6', 'Scripting') , 1
('s4', 'Windows Server') , 3
('s10', 'FPGA') , 1
('s2', 'Circuit Design') , 1
('s6', 'Manufacturing Design') , 1
('s9', 'RTOS') , 1
('s10', 'Medical Writing') , 1
('s1', 'Vietnamese') , 2
('s6', 'Puppet') , 1
('s10', 'Adobe Premiere Pro') , 2
('s3', 'Mobile App Testing') , 1
('s4', 'Android Wear SDK') , 1
('s2', 'Coding') , 1
('s3', 'Hadoop') , 1
('s4', 'Map Reduce') , 1
('s1', 'Swedish') , 1
('s5', 'Data Science') , 1
('s5', 'J2EE') , 1
('s7', 'Perl') , 1
('s4', 'SQLite') , 2
('s5', 'XXX') , 1
('s10', 'IIS') , 1
('s4', 'DNS') , 1
('s5', 'Windows Server') , 1
('s9', 'Plesk') , 1
('s6', 'TYPO3') , 1
('s7', 'Manufacturing Design') , 2
('s8', 'Industrial Engineering') , 1
('s2', 'Wix') , 1
('s10', 'Ukrainian') , 1
('s10', 'Transcription') , 2
('s6', 'Financial Markets') , 1
('s3', 'FreeSwitch') , 1
('s7', 'Viral Marketing') , 1
('s10', 'Virtuemart') , 1
('s10', 'Electronics') , 1
('s9', 'Excel Macros') , 1
('s4', 'Fashion Modeling') , 1
('s9', 'Audio Services') , 2
('s5', 'BPO') , 1
('s5', 'Windows Phone') , 1
('s5', 'Delphi') , 1
('s3', 'Volusion') , 1
('s9', 'Oracle') , 1
('s3', 'JSON') , 1
('s6', 'Traditional Chinese (Taiwan)') , 1
('s5', 'Adobe Flash') , 1
('s6', 'eBooks') , 3
('s3', 'Portuguese (Brazil)') , 1
('s4', 'Portuguese') , 1
('s4', 'iOS Development') , 1
('s8', 'Windows Phone') , 1
('s9', 'Vuforia') , 1
('s2', 'Visual Basic for Apps') , 1
('s5', 'Autodesk Inventor') , 1
('s6', 'Engineering Drawing') , 2
('s3', 'Afrikaans') , 1
('s4', 'Malay') , 1
('s8', 'Swedish') , 1
('s3', 'French (Canadian)') , 1
('s3', 'Japanese') , 1
('s4', 'English Grammar') , 1
('s5', 'Thai') , 2
('s10', 'Spanish (Spain)') , 2
('s4', 'Japanese') , 1
('s9', 'Danish') , 1
('s3', 'Post-Production') , 1
('s4', 'Voice Artist') , 1
('s5', 'Audio Production') , 1
('s7', 'Database Programming') , 2
('s5', 'Cisco') , 3
('s4', 'Scala') , 1
('s5', 'XSLT') , 1
('s6', 'Google App Engine') , 1
('s8', 'JSP') , 1
('s6', 'Tekla Structures') , 1
('s10', 'Vectorization') , 1
('s2', 'Bitcoin') , 1
('s6', 'Drupal') , 2
('s4', 'Risk Management') , 1
('s6', 'Biology') , 1
('s7', 'Computer Help') , 1
('s3', 'Traditional Chinese (Taiwan)') , 2
('s7', 'Traditional Chinese (Hong Kong)') , 1
('s5', 'MVC') , 1
('s3', 'Game Design') , 1
('s4', 'Augmented Reality') , 1
('s8', 'Filmmaking') , 1
('s3', 'Adobe Lightroom') , 1
('s4', 'Image Processing') , 2
('s5', 'Photo Retouching') , 1
('s7', 'Digital Design') , 1
('s9', 'Email Handling') , 1
('s9', 'ActionScript') , 1
('s7', 'SQLite') , 1
('s8', 'Civil Engineering') , 1
('s9', 'Freelance') , 1
('s10', 'Symfony PHP') , 1
('s9', 'Squarespace') , 1
('s2', 'Express JS') , 1
('s7', 'Print') , 1
('s8', 'Hindi') , 1
('s1', 'LabVIEW') , 1
('s8', 'vBulletin') , 1
('s3', 'Perl') , 1
('s4', 'Landscaping') , 1
('s8', 'Robotics') , 1
('s2', 'Typing') , 1
('s2', 'Email Developer') , 1
('s4', 'Autodesk Inventor') , 1
('s5', '3D Model Maker') , 1
('s7', 'Plesk') , 1
('s2', 'SAS') , 1
('s3', 'Statistical Analysis') , 2
('s3', 'ERP') , 1
('s3', 'QuarkXPress') , 1
('s4', 'Pattern Making') , 1
('s5', 'Windows 8') , 1
('s7', 'Troubleshooting') , 1
('s9', 'Microsoft Exchange') , 1
('s2', 'Debian') , 1
('s10', 'Lisp') , 1
('s3', 'Prolog') , 1
('s8', 'UNIX') , 1
('s9', 'Jabber') , 1
('s1', 'Excel VBA') , 1
('s6', 'Excel Macros') , 1
('s1', 'vTiger') , 2
('s4', 'CRM') , 1
('s9', 'SugarCRM') , 1
('s9', 'Forum Posting') , 1
('s5', 'Shopify Templates') , 1
('s7', 'Call Center') , 1
('s7', 'Assembly') , 1
('s8', 'Computer Graphics') , 1
('s9', 'x86/x64 Assembler') , 2
('s2', 'Visual Arts') , 1
('s2', 'VB.NET') , 1
('s5', 'Plesk') , 1
('s10', 'Bitcoin') , 1
('s5', 'Cooking & Recipes') , 1
('s1', 'OpenCV') , 1
('s10', 'Data Science') , 1
('s5', 'Computer Science') , 1
('s7', 'Django') , 1
('s9', 'React.js') , 1
('s5', 'Windows API') , 1
('s10', 'Statistics') , 1
('s5', 'Training') , 1
('s10', 'Blog Install') , 1
('s7', 'Mailchimp') , 1
('s7', 'Script Install') , 1
('s9', 'CakePHP') , 1
('s9', 'Arts & Crafts') , 1
('s3', 'PayPal API') , 1
('s10', 'Search Engine Marketing') , 1
('s5', 'OSCommerce') , 1
('s4', 'BPO') , 1
('s3', 'Google Webmaster Tools') , 1
('s4', 'Analytics') , 1
('s10', 'Screenwriting') , 1
('s3', 'Malay') , 1
('s8', 'Japanese') , 1
('s9', 'Simplified Chinese (China)') , 1
('s5', 'Troubleshooting') , 1
('s4', 'Blog Writing') , 1
('s1', 'Hungarian') , 1
('s5', 'Artificial Intelligence') , 1
('s8', 'Urdu') , 1
('s8', '360-degree video') , 1
('s6', 'Shopify Templates') , 1
('s2', 'Mac OS') , 1
('s3', 'Cocoa') , 1
('s4', 'Czech') , 1
('s5', 'Web Security') , 1
('s8', 'Xamarin') , 1
('s4', 'OpenGL') , 1
('s2', 'Product Descriptions') , 1
('s1', 'CRM') , 1
('s2', 'Dynamics') , 1
('s1', 'Slogans') , 1
('s3', 'Catch Phrases') , 1
('s10', 'French (Canadian)') , 1
('s8', 'Book Writing') , 1
('s4', 'Audio Services') , 1
('s10', 'User Interface Design') , 1
('s6', 'Zend') , 1
('s2', 'Call Center') , 1
('s5', 'OCR') , 1
('s6', 'SPSS Statistics') , 1
('s9', 'Windows Mobile') , 1
('s7', 'Pre-production') , 1
('s5', 'Typescript') , 1
('s2', 'Order Processing') , 1
('s10', 'LaTeX') , 1
('s4', 'Imaging') , 1
('s7', 'Mechatronics') , 1
('s9', 'Microcontroller') , 1
('s7', 'Post-Production') , 1
('s7', 'Autodesk Inventor') , 1
('s2', 'SPSS Statistics') , 1
('s7', 'Infographics') , 1
('s10', 'VPS') , 1
('s10', '3D Printing') , 1
('s4', 'Video Broadcasting') , 1
('s8', 'XMPP') , 1
('s4', 'Django') , 1
('s7', 'Imaging') , 1
('s4', 'Simplified Chinese (China)') , 1
('s5', 'Product Sourcing') , 1
('s2', 'Fundraising') , 1
('s3', 'Drupal') , 1
('s4', 'CMS') , 1
('s10', 'Excel VBA') , 1
('s3', 'Microsoft Office') , 1
